Date,Time,Round,Stadium,City,Country,HomeTeam,HomeGoals,AwayGoals,AwayTeam,Observation,Winning Team,PenalHomeScr,PenalAwayScr,PenalWinner
13-Jul-30, 15:00 ,Group 1,Pocitos,Montevideo,Uruguay,France,4,1,Mexico, ,France,,,
13-Jul-30, 15:00 ,Group 4,Parque Central,Montevideo,Uruguay,USA,3,0,Belgium, ,USA,,,
14-Jul-30, 12:45 ,Group 2,Parque Central,Montevideo,Uruguay,Yugoslavia,2,1,Brazil, ,Yugoslavia,,,
14-Jul-30, 14:50 ,Group 3,Pocitos,Montevideo,Uruguay,Romania,3,1,Peru, ,Romania,,,
15-Jul-30, 16:00 ,Group 1,Parque Central,Montevideo,Uruguay,Argentina,1,0,France, ,Argentina,,,
16-Jul-30, 14:45 ,Group 1,Parque Central,Montevideo,Uruguay,Chile,3,0,Mexico, ,Chile,,,
17-Jul-30, 12:45 ,Group 2,Parque Central,Montevideo,Uruguay,Yugoslavia,4,0,Bolivia, ,Yugoslavia,,,
17-Jul-30, 14:45 ,Group 4,Parque Central,Montevideo,Uruguay,USA,3,0,Paraguay, ,USA,,,
18-Jul-30, 14:30 ,Group 3,Estadio Centenario,Montevideo,Uruguay,Uruguay,1,0,Peru, ,Uruguay,,,
19-Jul-30, 12:50 ,Group 1,Estadio Centenario,Montevideo,Uruguay,Chile,1,0,France, ,Chile,,,
19-Jul-30, 15:00 ,Group 1,Estadio Centenario,Montevideo,Uruguay,Argentina,6,3,Mexico, ,Argentina,,,
20-Jul-30, 13:00 ,Group 2,Estadio Centenario,Montevideo,Uruguay,Brazil,4,0,Bolivia, ,Brazil,,,
20-Jul-30, 15:00 ,Group 4,Estadio Centenario,Montevideo,Uruguay,Paraguay,1,0,Belgium, ,Paraguay,,,
21-Jul-30, 14:50 ,Group 3,Estadio Centenario,Montevideo,Uruguay,Uruguay,4,0,Romania, ,Uruguay,,,
22-Jul-30, 14:45 ,Group 1,Estadio Centenario,Montevideo,Uruguay,Argentina,3,1,Chile, ,Argentina,,,
26-Jul-30, 14:45 ,Semi-finals,Estadio Centenario,Montevideo,Uruguay,Argentina,6,1,USA, ,Argentina,,,
27-Jul-30, 14:45 ,Semi-finals,Estadio Centenario,Montevideo,Uruguay,Uruguay,6,1,Yugoslavia, ,Uruguay,,,
30-Jul-30, 14:15 ,Final,Estadio Centenario,Montevideo,Uruguay,Uruguay,4,2,Argentina, ,Uruguay,,,
27-May-34, 16:30 ,Preliminary round,Stadio Benito Mussolini,Turin,Italy,Austria,3,2,France,Austria win after extra time ,Austria,,,
27-May-34, 16:30 ,Preliminary round,Giorgio Ascarelli,Naples,Italy,Hungary,4,2,Egypt, ,Hungary,,,
27-May-34, 16:30 ,Preliminary round,San Siro,Milan,Italy,Switzerland,3,2,Netherlands, ,Switzerland,,,
27-May-34, 16:30 ,Preliminary round,Littorale,Bologna,Italy,Sweden,3,2,Argentina, ,Sweden,,,
27-May-34, 16:30 ,Preliminary round,Giovanni Berta,Florence,Italy,Germany,5,2,Belgium, ,Germany,,,
27-May-34, 16:30 ,Preliminary round,Luigi Ferraris,Genoa,Italy,Spain,3,1,Brazil, ,Spain,,,
27-May-34, 16:30 ,Preliminary round,Nazionale PNF,Rome,Italy,Italy,7,1,USA, ,Italy,,,
27-May-34, 16:30 ,Preliminary round,Littorio,Trieste,Italy,Czechoslovakia,2,1,Romania, ,Czechoslovakia,,,
31-May-34, 16:30 ,Quarter-finals,Stadio Benito Mussolini,Turin,Italy,Czechoslovakia,3,2,Switzerland, ,Czechoslovakia,,,
31-May-34, 16:30 ,Quarter-finals,San Siro,Milan,Italy,Germany,2,1,Sweden, ,Germany,,,
31-May-34, 16:30 ,Quarter-finals,Giovanni Berta,Florence,Italy,Italy,1,1,Spain, ,Tie,,,
31-May-34, 16:30 ,Quarter-finals,Littorale,Bologna,Italy,Austria,2,1,Hungary, ,Austria,,,
1-Jun-34, 16:30 ,Quarter-finals,Giovanni Berta,Florence,Italy,Italy,1,0,Spain, ,Italy,,,
3-Jun-34, 16:30 ,Semi-finals,San Siro,Milan,Italy,Italy,1,0,Austria, ,Italy,,,
3-Jun-34, 16:30 ,Semi-finals,Nazionale PNF,Rome,Italy,Czechoslovakia,3,1,Germany, ,Czechoslovakia,,,
7-Jun-34, 18:00 ,Match for third place,Giorgio Ascarelli,Naples,Italy,Germany,3,2,Austria, ,Germany,,,
10-Jun-34, 17:30 ,Final,Nazionale PNF,Rome,Italy,Italy,2,1,Czechoslovakia,Italy win after extra time ,Italy,,,
4-Jun-38, 17:00 ,First round,Parc des Princes,Paris,France,Switzerland,1,1,Germany, ,Tie,,,
5-Jun-38, 17:00 ,First round,Velodrome Municipale,Reims,France,Hungary,6,0,Dutch East Indies, ,Hungary,,,
5-Jun-38, 17:00 ,First round,Stade Olympique,Colombes,France,France,3,1,Belgium, ,France,,,
5-Jun-38, 17:00 ,First round,Stade Municipal,Toulouse,France,Cuba,3,3,Romania, ,Tie,,,
5-Jun-38, 17:00 ,First round,Stade Vélodrome,Marseille,France,Italy,2,1,Norway,Italy win after extra time ,Italy,,,
5-Jun-38, 17:30 ,First round,Stade de la Meinau,Strasbourg,France,Brazil,6,5,Poland,Brazil win after extra time ,Brazil,,,
5-Jun-38, 18:30 ,First round,Cavee Verte,Le Havre,France,Czechoslovakia,3,0,Netherlands,Czechoslovakia win after extra time ,Czechoslovakia,,,
9-Jun-38, 18:00 ,First round,Stade Municipal,Toulouse,France,Cuba,2,1,Romania, ,Cuba,,,
9-Jun-38, 18:00 ,First round,Parc des Princes,Paris,France,Switzerland,4,2,Germany, ,Switzerland,,,
12-Jun-38, 17:00 ,Quarter-finals,Stade du Parc Lescure,Bordeaux,France,Brazil,1,1,Czechoslovakia, ,Tie,,,
12-Jun-38, 17:00 ,Quarter-finals,Victor Boucquey,Lille,France,Hungary,2,0,Switzerland, ,Hungary,,,
12-Jun-38, 17:00 ,Quarter-finals,Fort Carree,Antibes,France,Sweden,8,0,Cuba, ,Sweden,,,
12-Jun-38, 17:00 ,Quarter-finals,Stade Olympique,Colombes,France,Italy,3,1,France, ,Italy,,,
14-Jun-38, 18:00 ,Quarter-finals,Stade du Parc Lescure,Bordeaux,France,Brazil,2,1,Czechoslovakia, ,Brazil,,,
16-Jun-38, 18:00 ,Semi-finals,Parc des Princes,Paris,France,Hungary,5,1,Sweden, ,Hungary,,,
16-Jun-38, 18:00 ,Semi-finals,Stade Vélodrome,Marseille,France,Italy,2,1,Brazil, ,Italy,,,
19-Jun-38, 17:00 ,Match for third place,Stade du Parc Lescure,Bordeaux,France,Brazil,4,2,Sweden, ,Brazil,,,
19-Jun-38, 17:00 ,Final,Stade Olympique,Colombes,France,Italy,4,2,Hungary, ,Italy,,,
24-Jun-50, 15:00 ,Group 1,"Estádio Jornalista Mário Filho, Maracanã",Rio de Janeiro,Brazil,Brazil,4,0,Mexico, ,Brazil,,,
25-Jun-50, 15:00 ,Group 2,"Estádio Jornalista Mário Filho, Maracanã",Rio de Janeiro,Brazil,England,2,0,Chile, ,England,,,
25-Jun-50, 15:00 ,Group 2,Durival de Brito,Curitiba,Brazil,Spain,3,1,USA, ,Spain,,,
25-Jun-50, 15:00 ,Group 3,Pacaembu,São Paulo,Brazil,Sweden,3,2,Italy, ,Sweden,,,
25-Jun-50, 15:00 ,Group 1,Independencia,Belo Horizonte,Brazil,Yugoslavia,3,0,Switzerland, ,Yugoslavia,,,
28-Jun-50, 15:00 ,Group 1,Pacaembu,São Paulo,Brazil,Brazil,2,2,Switzerland, ,Tie,,,
28-Jun-50, 15:00 ,Group 1,Eucaliptos,Porto Alegre,Brazil,Yugoslavia,4,1,Mexico, ,Yugoslavia,,,
29-Jun-50, 15:00 ,Group 2,"Estádio Jornalista Mário Filho, Maracanã",Rio de Janeiro,Brazil,Spain,2,0,Chile, ,Spain,,,
29-Jun-50, 15:30 ,Group 3,Durival de Brito,Curitiba,Brazil,Sweden,2,2,Paraguay, ,Tie,,,
29-Jun-50, 15:00 ,Group 2,Independencia,Belo Horizonte,Brazil,USA,1,0,England, ,USA,,,
1-Jul-50, 15:00 ,Group 1,"Estádio Jornalista Mário Filho, Maracanã",Rio de Janeiro,Brazil,Brazil,2,0,Yugoslavia, ,Brazil,,,
2-Jul-50, 15:00 ,Group 2,"Estádio Jornalista Mário Filho, Maracanã",Rio de Janeiro,Brazil,Spain,1,0,England, ,Spain,,,
2-Jul-50, 15:00 ,Group 3,Pacaembu,São Paulo,Brazil,Italy,2,0,Paraguay, ,Italy,,,
2-Jul-50, 15:00 ,Group 4,Independencia,Belo Horizonte,Brazil,Uruguay,8,0,Bolivia, ,Uruguay,,,
2-Jul-50, 15:40 ,Group 1,Eucaliptos,Porto Alegre,Brazil,Switzerland,2,1,Mexico, ,Switzerland,,,
2-Jul-50, 15:00 ,Group 2,Ilha do Retiro,Recife,Brazil,Chile,5,2,USA, ,Chile,,,
9-Jul-50, 15:00 ,Group 6,Pacaembu,São Paulo,Brazil,Uruguay,2,2,Spain, ,Tie,,,
9-Jul-50, 15:00 ,Group 6,"Estádio Jornalista Mário Filho, Maracanã",Rio de Janeiro,Brazil,Brazil,7,1,Sweden, ,Brazil,,,
13-Jul-50, 15:00 ,Group 6,"Estádio Jornalista Mário Filho, Maracanã",Rio de Janeiro,Brazil,Brazil,6,1,Spain, ,Brazil,,,
13-Jul-50, 15:00 ,Group 6,Pacaembu,São Paulo,Brazil,Uruguay,3,2,Sweden, ,Uruguay,,,
16-Jul-50, 15:00 ,Group 6,Pacaembu,São Paulo,Brazil,Sweden,3,1,Spain, ,Sweden,,,
16-Jul-50, 15:00 ,Group 6,"Estádio Jornalista Mário Filho, Maracanã",Rio de Janeiro,Brazil,Uruguay,2,1,Brazil, ,Uruguay,,,
16-Jun-54, 18:00 ,Group 3,Wankdorf Stadium,Bern,Switzerland,Uruguay,2,0,Czechoslovakia, ,Uruguay,,,
16-Jun-54, 18:00 ,Group 3,Hardturm,Zurich,Switzerland,Austria,1,0,Scotland, ,Austria,,,
16-Jun-54, 18:00 ,Group 1,Charmilles,Geneva,Switzerland,Brazil,5,0,Mexico, ,Brazil,,,
16-Jun-54, 18:00 ,Group 1,La Pontaise,Lausanne,Switzerland,Yugoslavia,1,0,France, ,Yugoslavia,,,
17-Jun-54, 18:00 ,Group 2,Wankdorf Stadium,Bern,Switzerland,Germany FR,4,1,Turkey, ,Germany FR,,,
17-Jun-54, 18:00 ,Group 2,Hardturm,Zurich,Switzerland,Hungary,9,0,Korea Republic, ,Hungary,,,
17-Jun-54, 18:10 ,Group 4,St. Jakob,Basel,Switzerland,England,4,4,Belgium, ,Tie,,,
17-Jun-54, 17:50 ,Group 4,La Pontaise,Lausanne,Switzerland,Switzerland,2,1,Italy, ,Switzerland,,,
19-Jun-54, 16:50 ,Group 3,St. Jakob,Basel,Switzerland,Uruguay,7,0,Scotland, ,Uruguay,,,
19-Jun-54, 17:00 ,Group 3,Hardturm,Zurich,Switzerland,Austria,5,0,Czechoslovakia, ,Austria,,,
19-Jun-54, 17:10 ,Group 1,Charmilles,Geneva,Switzerland,France,3,2,Mexico, ,France,,,
19-Jun-54, 17:00 ,Group 1,La Pontaise,Lausanne,Switzerland,Brazil,1,1,Yugoslavia, ,Tie,,,
20-Jun-54, 16:50 ,Group 2,St. Jakob,Basel,Switzerland,Hungary,8,3,Germany FR, ,Hungary,,,
20-Jun-54, 17:00 ,Group 2,Charmilles,Geneva,Switzerland,Turkey,7,0,Korea Republic, ,Turkey,,,
20-Jun-54, 17:10 ,Group 4,Wankdorf Stadium,Bern,Switzerland,England,2,0,Switzerland, ,England,,,
20-Jun-54, 17:00 ,Group 4,Comunale di Cornaredo,Lugano,Switzerland,Italy,4,1,Belgium, ,Italy,,,
23-Jun-54, 18:00 ,Group 2,Hardturm,Zurich,Switzerland,Germany FR,7,2,Turkey, ,Germany FR,,,
23-Jun-54, 18:00 ,Group 4,St. Jakob,Basel,Switzerland,Switzerland,4,1,Italy, ,Switzerland,,,
26-Jun-54, 17:00 ,Quarter-finals,St. Jakob,Basel,Switzerland,Uruguay,4,2,England, ,Uruguay,,,
26-Jun-54, 17:00 ,Quarter-finals,La Pontaise,Lausanne,Switzerland,Austria,7,5,Switzerland, ,Austria,,,
27-Jun-54, 17:00 ,Quarter-finals,Charmilles,Geneva,Switzerland,Germany FR,2,0,Yugoslavia, ,Germany FR,,,
27-Jun-54, 17:00 ,Quarter-finals,Wankdorf Stadium,Bern,Switzerland,Hungary,4,2,Brazil, ,Hungary,,,
30-Jun-54, 18:00 ,Semi-finals,St. Jakob,Basel,Switzerland,Germany FR,6,1,Austria, ,Germany FR,,,
30-Jun-54, 18:00 ,Semi-finals,La Pontaise,Lausanne,Switzerland,Hungary,4,2,Uruguay,Hungary win after extra time ,Hungary,,,
3-Jul-54, 17:00 ,Match for third place,Hardturm,Zurich,Switzerland,Austria,3,1,Uruguay, ,Austria,,,
4-Jul-54, 17:00 ,Final,Wankdorf Stadium,Bern,Switzerland,Germany FR,3,2,Hungary, ,Germany FR,,,
8-Jun-58, 14:00 ,Group 3,Rasunda Stadium,Solna,Sweden,Sweden,3,0,Mexico, ,Sweden,,,
8-Jun-58, 19:00 ,Group 4,Nya Ullevi,Gothenburg,Sweden,Soviet Union,2,2,England, ,Tie,,,
8-Jun-58, 19:00 ,Group 1,Malmo Stadion,Malmö Municipality,Sweden,Argentina,1,3,Germany FR, ,Germany FR,,,
8-Jun-58, 19:00 ,Group 3,Jarnvallen,Sandviken,Sweden,Hungary,1,1,Wales, ,Tie,,,
8-Jun-58, 19:00 ,Group 2,Idrottsparken,Sundsvall Municipality,Sweden,France,7,3,Paraguay, ,France,,,
8-Jun-58, 19:00 ,Group 2,Arosvallen,Västerås,Sweden,Yugoslavia,1,1,Scotland, ,Tie,,,
8-Jun-58, 19:00 ,Group 4,Rimnersvallen,Uddevalla,Sweden,Brazil,3,0,Austria, ,Brazil,,,
8-Jun-58, 19:00 ,Group 1,Orjans Vall,Halmstad,Sweden,Northern Ireland,1,0,Czechoslovakia, ,Northern Ireland,,,
11-Jun-58, 19:00 ,Group 4,Nya Ullevi,Gothenburg,Sweden,Brazil,0,0,England, ,Tie,,,
11-Jun-58, 19:00 ,Group 3,Rasunda Stadium,Solna,Sweden,Mexico,1,1,Wales, ,Tie,,,
11-Jun-58, 19:00 ,Group 2,Idrottsparken,Sundsvall Municipality,Sweden,Paraguay,3,2,Scotland, ,Paraguay,,,
11-Jun-58, 19:00 ,Group 2,Arosvallen,Västerås,Sweden,Yugoslavia,3,2,France, ,Yugoslavia,,,
11-Jun-58, 19:00 ,Group 4,Ryavallen,Borås,Sweden,Soviet Union,2,0,Austria, ,Soviet Union,,,
11-Jun-58, 19:00 ,Group 1,Olympia Stadium,Helsingborg,Sweden,Germany FR,2,2,Czechoslovakia, ,Tie,,,
11-Jun-58, 19:00 ,Group 1,Orjans Vall,Halmstad,Sweden,Argentina,3,1,Northern Ireland, ,Argentina,,,
12-Jun-58, 19:00 ,Group 3,Rasunda Stadium,Solna,Sweden,Sweden,2,1,Hungary, ,Sweden,,,
15-Jun-58, 14:00 ,Group 3,Rasunda Stadium,Solna,Sweden,Sweden,0,0,Wales, ,Tie,,,
15-Jun-58, 19:00 ,Group 4,Nya Ullevi,Gothenburg,Sweden,Brazil,2,0,Soviet Union, ,Brazil,,,
15-Jun-58, 19:00 ,Group 1,Malmo Stadion,Malmö Municipality,Sweden,Germany FR,2,2,Northern Ireland, ,Tie,,,
15-Jun-58, 19:00 ,Group 3,Jarnvallen,Sandviken,Sweden,Hungary,4,0,Mexico, ,Hungary,,,
15-Jun-58, 19:00 ,Group 2,Tunavallen,Eskilstuna,Sweden,Paraguay,3,3,Yugoslavia, ,Tie,,,
15-Jun-58, 19:00 ,Group 2,Eyravallen,Örebro,Sweden,France,2,1,Scotland, ,France,,,
15-Jun-58, 19:00 ,Group 4,Ryavallen,Borås,Sweden,England,2,2,Austria, ,Tie,,,
15-Jun-58, 19:00 ,Group 1,Olympia Stadium,Helsingborg,Sweden,Czechoslovakia,6,1,Argentina, ,Czechoslovakia,,,
17-Jun-58, 19:00 ,Group 4,Nya Ullevi,Gothenburg,Sweden,Soviet Union,1,0,England, ,Soviet Union,,,
17-Jun-58, 19:00 ,Group 1,Malmo Stadion,Malmö Municipality,Sweden,Northern Ireland,2,1,Czechoslovakia,Northern Ireland win after extra time ,Northern Ireland,,,
17-Jun-58, 19:00 ,Group 3,Rasunda Stadium,Solna,Sweden,Wales,2,1,Hungary, ,Wales,,,
19-Jun-58, 19:00 ,Quarter-finals,Nya Ullevi,Gothenburg,Sweden,Brazil,1,0,Wales, ,Brazil,,,
19-Jun-58, 19:00 ,Quarter-finals,Malmo Stadion,Malmö Municipality,Sweden,Germany FR,1,0,Yugoslavia, ,Germany FR,,,
19-Jun-58, 19:00 ,Quarter-finals,Rasunda Stadium,Solna,Sweden,Sweden,2,0,Soviet Union, ,Sweden,,,
19-Jun-58, 19:00 ,Quarter-finals,Idrottsparken,Sundsvall Municipality,Sweden,France,4,0,Northern Ireland, ,France,,,
24-Jun-58, 19:00 ,Semi-finals,Nya Ullevi,Gothenburg,Sweden,Sweden,3,1,Germany FR, ,Sweden,,,
24-Jun-58, 19:00 ,Semi-finals,Rasunda Stadium,Solna,Sweden,Brazil,5,2,France, ,Brazil,,,
28-Jun-58, 17:00 ,Match for third place,Nya Ullevi,Gothenburg,Sweden,France,6,3,Germany FR, ,France,,,
29-Jun-58, 15:00 ,Final,Rasunda Stadium,Solna,Sweden,Brazil,5,2,Sweden, ,Brazil,,,
30-May-62, 15:00 ,Group 1,Carlos Dittborn,Arica,Chile,Uruguay,2,1,Colombia, ,Uruguay,,,
30-May-62, 15:00 ,Group 3,Estadio Sausalito,Viña del Mar,Chile,Brazil,2,0,Mexico, ,Brazil,,,
30-May-62, 15:00 ,Group 4,Estadio El Teniente-Codelco,Rancagua,Chile,Argentina,1,0,Bulgaria, ,Argentina,,,
30-May-62, 15:00 ,Group 2,Nacional,Santiago,Chile,Chile,3,1,Switzerland, ,Chile,,,
31-May-62, 15:00 ,Group 1,Carlos Dittborn,Arica,Chile,Soviet Union,2,0,Yugoslavia, ,Soviet Union,,,
31-May-62, 15:00 ,Group 3,Estadio Sausalito,Viña del Mar,Chile,Czechoslovakia,1,0,Spain, ,Czechoslovakia,,,
31-May-62, 15:00 ,Group 4,Estadio El Teniente-Codelco,Rancagua,Chile,Hungary,2,1,England, ,Hungary,,,
31-May-62, 15:00 ,Group 2,Nacional,Santiago,Chile,Germany FR,0,0,Italy, ,Tie,,,
2-Jun-62, 15:00 ,Group 1,Carlos Dittborn,Arica,Chile,Yugoslavia,3,1,Uruguay, ,Yugoslavia,,,
2-Jun-62, 15:00 ,Group 3,Estadio Sausalito,Viña del Mar,Chile,Brazil,0,0,Czechoslovakia, ,Tie,,,
2-Jun-62, 15:00 ,Group 4,Estadio El Teniente-Codelco,Rancagua,Chile,England,3,1,Argentina, ,England,,,
2-Jun-62, 15:00 ,Group 2,Nacional,Santiago,Chile,Chile,2,0,Italy, ,Chile,,,
3-Jun-62, 15:00 ,Group 1,Carlos Dittborn,Arica,Chile,Soviet Union,4,4,Colombia, ,Tie,,,
3-Jun-62, 15:00 ,Group 3,Estadio Sausalito,Viña del Mar,Chile,Spain,1,0,Mexico, ,Spain,,,
3-Jun-62, 15:00 ,Group 4,Estadio El Teniente-Codelco,Rancagua,Chile,Hungary,6,1,Bulgaria, ,Hungary,,,
3-Jun-62, 15:00 ,Group 2,Nacional,Santiago,Chile,Germany FR,2,1,Switzerland, ,Germany FR,,,
6-Jun-62, 15:00 ,Group 1,Carlos Dittborn,Arica,Chile,Soviet Union,2,1,Uruguay, ,Soviet Union,,,
6-Jun-62, 15:00 ,Group 3,Estadio Sausalito,Viña del Mar,Chile,Brazil,2,1,Spain, ,Brazil,,,
6-Jun-62, 15:00 ,Group 4,Estadio El Teniente-Codelco,Rancagua,Chile,Hungary,0,0,Argentina, ,Tie,,,
6-Jun-62, 15:00 ,Group 2,Nacional,Santiago,Chile,Germany FR,2,0,Chile, ,Germany FR,,,
7-Jun-62, 15:00 ,Group 1,Carlos Dittborn,Arica,Chile,Yugoslavia,5,0,Colombia, ,Yugoslavia,,,
7-Jun-62, 15:00 ,Group 3,Estadio Sausalito,Viña del Mar,Chile,Mexico,3,1,Czechoslovakia, ,Mexico,,,
7-Jun-62, 15:00 ,Group 4,Estadio El Teniente-Codelco,Rancagua,Chile,England,0,0,Bulgaria, ,Tie,,,
7-Jun-62, 15:00 ,Group 2,Nacional,Santiago,Chile,Italy,3,0,Switzerland, ,Italy,,,
10-Jun-62, 14:30 ,Quarter-finals,Carlos Dittborn,Arica,Chile,Chile,2,1,Soviet Union, ,Chile,,,
10-Jun-62, 14:30 ,Quarter-finals,Estadio Sausalito,Viña del Mar,Chile,Brazil,3,1,England, ,Brazil,,,
10-Jun-62, 14:30 ,Quarter-finals,Estadio El Teniente-Codelco,Rancagua,Chile,Czechoslovakia,1,0,Hungary, ,Czechoslovakia,,,
10-Jun-62, 14:30 ,Quarter-finals,Nacional,Santiago,Chile,Yugoslavia,1,0,Germany FR, ,Yugoslavia,,,
13-Jun-62, 14:30 ,Semi-finals,Estadio Sausalito,Viña del Mar,Chile,Czechoslovakia,3,1,Yugoslavia, ,Czechoslovakia,,,
13-Jun-62, 14:30 ,Semi-finals,Nacional,Santiago,Chile,Brazil,4,2,Chile, ,Brazil,,,
16-Jun-62, 14:30 ,Match for third place,Nacional,Santiago,Chile,Chile,1,0,Yugoslavia, ,Chile,,,
17-Jun-62, 14:30 ,Final,Nacional,Santiago,Chile,Brazil,3,1,Czechoslovakia, ,Brazil,,,
11-Jul-66, 19:30 ,Group 1,Wembley Stadium,London,England,England,0,0,Uruguay, ,Tie,,,
12-Jul-66, 19:30 ,Group 2,Hillsborough,Sheffield,England,Germany FR,5,0,Switzerland, ,Germany FR,,,
12-Jul-66, 19:30 ,Group 3,Goodison Park,Liverpool,England,Brazil,2,0,Bulgaria, ,Brazil,,,
12-Jul-66, 19:30 ,Group 4,Ayresome Park,Middlesbrough ,England,Soviet Union,3,0,Korea DPR, ,Soviet Union,,,
13-Jul-66, 19:30 ,Group 1,Wembley Stadium,London,England,France,1,1,Mexico, ,Tie,,,
13-Jul-66, 19:30 ,Group 3,Old Trafford Stadium,Manchester,England,Portugal,3,1,Hungary, ,Portugal,,,
13-Jul-66, 19:30 ,Group 2,Villa Park,Birmingham,England,Argentina,2,1,Spain, ,Argentina,,,
13-Jul-66, 19:30 ,Group 4,Roker Park Ground,Sunderland ,England,Italy,2,0,Chile, ,Italy,,,
15-Jul-66, 19:30 ,Group 1,White City,London,England,Uruguay,2,1,France, ,Uruguay,,,
15-Jul-66, 19:30 ,Group 2,Hillsborough,Sheffield,England,Spain,2,1,Switzerland, ,Spain,,,
15-Jul-66, 19:30 ,Group 3,Goodison Park,Liverpool,England,Hungary,3,1,Brazil, ,Hungary,,,
15-Jul-66, 19:30 ,Group 4,Ayresome Park,Middlesbrough ,England,Korea DPR,1,1,Chile, ,Tie,,,
16-Jul-66, 15:00 ,Group 3,Old Trafford Stadium,Manchester,England,Portugal,3,0,Bulgaria, ,Portugal,,,
16-Jul-66, 15:00 ,Group 2,Villa Park,Birmingham,England,Germany FR,0,0,Argentina, ,Tie,,,
16-Jul-66, 15:00 ,Group 4,Roker Park Ground,Sunderland ,England,Soviet Union,1,0,Italy, ,Soviet Union,,,
16-Jul-66, 19:30 ,Group 1,Wembley Stadium,London,England,England,2,0,Mexico, ,England,,,
19-Jul-66, 16:30 ,Group 1,Wembley Stadium,London,England,Uruguay,0,0,Mexico, ,Tie,,,
19-Jul-66, 19:30 ,Group 2,Hillsborough,Sheffield,England,Argentina,2,0,Switzerland, ,Argentina,,,
19-Jul-66, 19:30 ,Group 3,Goodison Park,Liverpool,England,Portugal,3,1,Brazil, ,Portugal,,,
19-Jul-66, 19:30 ,Group 4,Ayresome Park,Middlesbrough ,England,Korea DPR,1,0,Italy, ,Korea DPR,,,
20-Jul-66, 19:30 ,Group 1,Wembley Stadium,London,England,England,2,0,France, ,England,,,
20-Jul-66, 19:30 ,Group 3,Old Trafford Stadium,Manchester,England,Hungary,3,1,Bulgaria, ,Hungary,,,
20-Jul-66, 19:30 ,Group 2,Villa Park,Birmingham,England,Germany FR,2,1,Spain, ,Germany FR,,,
20-Jul-66, 19:30 ,Group 4,Roker Park Ground,Sunderland ,England,Soviet Union,2,1,Chile, ,Soviet Union,,,
23-Jul-66, 15:00 ,Quarter-finals,Wembley Stadium,London,England,England,1,0,Argentina, ,England,,,
23-Jul-66, 15:00 ,Quarter-finals,Hillsborough,Sheffield,England,Germany FR,4,0,Uruguay, ,Germany FR,,,
23-Jul-66, 15:00 ,Quarter-finals,Roker Park Ground,Sunderland ,England,Soviet Union,2,1,Hungary, ,Soviet Union,,,
23-Jul-66, 15:00 ,Quarter-finals,Goodison Park,Liverpool,England,Portugal,5,3,Korea DPR, ,Portugal,,,
25-Jul-66, 19:30 ,Semi-finals,Goodison Park,Liverpool,England,Germany FR,2,1,Soviet Union, ,Germany FR,,,
26-Jul-66, 19:30 ,Semi-finals,Wembley Stadium,London,England,England,2,1,Portugal, ,England,,,
28-Jul-66, 19:30 ,Match for third place,Wembley Stadium,London,England,Portugal,2,1,Soviet Union, ,Portugal,,,
30-Jul-66, 15:00 ,Final,Wembley Stadium,London,England,England,4,2,Germany FR,England win after extra time ,England,,,
31-May-70, 12:00 ,Group 1,Estadio Azteca,Mexico City,Mexico,Mexico,0,0,Soviet Union, ,Tie,,,
2-Jun-70, 16:00 ,Group 2,Cuauhtemoc,Puebla,Mexico,Uruguay,2,0,Israel, ,Uruguay,,,
2-Jun-70, 16:00 ,Group 4,Nou Camp - Estadio Leon,"León, Guanajuato",Mexico,Peru,3,2,Bulgaria, ,Peru,,,
2-Jun-70, 16:00 ,Group 3,Jalisco,Guadalajara,Mexico,England,1,0,Romania, ,England,,,
3-Jun-70, 16:00 ,Group 2,Luis Dosal,Toluca,Mexico,Italy,1,0,Sweden, ,Italy,,,
3-Jun-70, 16:00 ,Group 4,Nou Camp - Estadio Leon,Leon ,Mexico,Germany FR,2,1,Morocco, ,Germany FR,,,
3-Jun-70, 16:00 ,Group 3,Jalisco,Guadalajara,Mexico,Brazil,4,1,Czechoslovakia, ,Brazil,,,
3-Jun-70, 16:00 ,Group 1,Estadio Azteca,Mexico City,Mexico,Belgium,3,0,El Salvador, ,Belgium,,,
6-Jun-70, 16:00 ,Group 2,Cuauhtemoc,Puebla,Mexico,Uruguay,0,0,Italy, ,Tie,,,
6-Jun-70, 16:00 ,Group 4,Nou Camp - Estadio Leon,Leon ,Mexico,Peru,3,0,Morocco, ,Peru,,,
6-Jun-70, 16:00 ,Group 3,Jalisco,Guadalajara,Mexico,Romania,2,1,Czechoslovakia, ,Romania,,,
6-Jun-70, 16:00 ,Group 1,Estadio Azteca,Mexico City,Mexico,Soviet Union,4,1,Belgium, ,Soviet Union,,,
7-Jun-70, 12:00 ,Group 2,Luis Dosal,Toluca,Mexico,Sweden,1,1,Israel, ,Tie,,,
7-Jun-70, 12:00 ,Group 4,Nou Camp - Estadio Leon,Leon ,Mexico,Germany FR,5,2,Bulgaria, ,Germany FR,,,
7-Jun-70, 12:00 ,Group 3,Jalisco,Guadalajara,Mexico,Brazil,1,0,England, ,Brazil,,,
7-Jun-70, 12:00 ,Group 1,Estadio Azteca,Mexico City,Mexico,Mexico,4,0,El Salvador, ,Mexico,,,
10-Jun-70, 16:00 ,Group 2,Cuauhtemoc,Puebla,Mexico,Sweden,1,0,Uruguay, ,Sweden,,,
10-Jun-70, 16:00 ,Group 4,Nou Camp - Estadio Leon,Leon ,Mexico,Germany FR,3,1,Peru, ,Germany FR,,,
10-Jun-70, 16:00 ,Group 3,Jalisco,Guadalajara,Mexico,Brazil,3,2,Romania, ,Brazil,,,
10-Jun-70, 16:00 ,Group 1,Estadio Azteca,Mexico City,Mexico,Soviet Union,2,0,El Salvador, ,Soviet Union,,,
11-Jun-70, 16:00 ,Group 2,Luis Dosal,Toluca,Mexico,Italy,0,0,Israel, ,Tie,,,
11-Jun-70, 16:00 ,Group 4,Nou Camp - Estadio Leon,Leon ,Mexico,Bulgaria,1,1,Morocco, ,Tie,,,
11-Jun-70, 16:00 ,Group 3,Jalisco,Guadalajara,Mexico,England,1,0,Czechoslovakia, ,England,,,
11-Jun-70, 16:00 ,Group 1,Estadio Azteca,Mexico City,Mexico,Mexico,1,0,Belgium, ,Mexico,,,
14-Jun-70, 12:00 ,Quarter-finals,Luis Dosal,Toluca,Mexico,Italy,4,1,Mexico, ,Italy,,,
14-Jun-70, 12:00 ,Quarter-finals,Nou Camp - Estadio Leon,Leon ,Mexico,Germany FR,3,2,England,Germany FR win after extra time ,Germany FR,,,
14-Jun-70, 12:00 ,Quarter-finals,Jalisco,Guadalajara,Mexico,Brazil,4,2,Peru, ,Brazil,,,
14-Jun-70, 12:00 ,Quarter-finals,Estadio Azteca,Mexico City,Mexico,Uruguay,1,0,Soviet Union,Uruguay win after extra time ,Uruguay,,,
17-Jun-70, 16:00 ,Semi-finals,Jalisco,Guadalajara,Mexico,Brazil,3,1,Uruguay, ,Brazil,,,
17-Jun-70, 16:00 ,Semi-finals,Estadio Azteca,Mexico City,Mexico,Italy,4,3,Germany FR,Italy win after extra time ,Italy,,,
20-Jun-70, 16:00 ,Match for third place,Estadio Azteca,Mexico City,Mexico,Germany FR,1,0,Uruguay, ,Germany FR,,,
21-Jun-70, 12:00 ,Final,Estadio Azteca,Mexico City,Mexico,Brazil,4,1,Italy, ,Brazil,,,
13-Jun-74, 17:00 ,Group 2,Waldstadion,Frankfurt,Germany,Brazil,0,0,Yugoslavia, ,Tie,,,
14-Jun-74, 16:00 ,Group 1,Olympiastadion,Berlin West ,Germany,Germany FR,1,0,Chile, ,Germany FR,,,
14-Jun-74, 19:30 ,Group 1,Volksparkstadion,Hamburg,Germany,German DR,2,0,Australia, ,German DR,,,
14-Jun-74, 19:30 ,Group 2,Westfalenstadion,Dortmund,Germany,Zaire,0,2,Scotland, ,Scotland,,,
15-Jun-74, 16:00 ,Group 3,Niedersachsenstadion,Hanover,Germany,Uruguay,0,2,Netherlands, ,Netherlands,,,
15-Jun-74, 16:00 ,Group 3,Rheinstadion,Düsseldorf,Germany,Sweden,0,0,Bulgaria, ,Tie,,,
15-Jun-74, 18:00 ,Group 4,Olympiastadion,Munich,Germany,Italy,3,1,Haiti, ,Italy,,,
15-Jun-74, 18:00 ,Group 4,Neckarstadion,Stuttgart,Germany,Poland,3,2,Argentina, ,Poland,,,
18-Jun-74, 16:00 ,Group 1,Volksparkstadion,Hamburg,Germany,Australia,0,3,Germany FR, ,Germany FR,,,
18-Jun-74, 19:30 ,Group 2,Waldstadion,Frankfurt,Germany,Scotland,0,0,Brazil, ,Tie,,,
18-Jun-74, 19:30 ,Group 1,Olympiastadion,Berlin West ,Germany,Chile,1,1,German DR, ,Tie,,,
18-Jun-74, 19:30 ,Group 2,Parkstadion,Gelsenkirchen,Germany,Yugoslavia,9,0,Zaire, ,Yugoslavia,,,
19-Jun-74, 19:30 ,Group 3,Westfalenstadion,Dortmund,Germany,Netherlands,0,0,Sweden, ,Tie,,,
19-Jun-74, 19:30 ,Group 3,Niedersachsenstadion,Hanover,Germany,Bulgaria,1,1,Uruguay, ,Tie,,,
19-Jun-74, 19:30 ,Group 4,Olympiastadion,Munich,Germany,Haiti,0,7,Poland, ,Poland,,,
19-Jun-74, 19:30 ,Group 4,Neckarstadion,Stuttgart,Germany,Argentina,1,1,Italy, ,Tie,,,
22-Jun-74, 16:00 ,Group 2,Waldstadion,Frankfurt,Germany,Scotland,1,1,Yugoslavia, ,Tie,,,
22-Jun-74, 16:00 ,Group 1,Olympiastadion,Berlin West ,Germany,Australia,0,0,Chile, ,Tie,,,
22-Jun-74, 16:00 ,Group 2,Parkstadion,Gelsenkirchen,Germany,Zaire,0,3,Brazil, ,Brazil,,,
22-Jun-74, 19:30 ,Group 1,Volksparkstadion,Hamburg,Germany,German DR,1,0,Germany FR, ,German DR,,,
23-Jun-74, 16:00 ,Group 3,Westfalenstadion,Dortmund,Germany,Bulgaria,1,4,Netherlands, ,Netherlands,,,
23-Jun-74, 16:00 ,Group 4,Olympiastadion,Munich,Germany,Argentina,4,1,Haiti, ,Argentina,,,
23-Jun-74, 16:00 ,Group 3,Rheinstadion,Düsseldorf,Germany,Sweden,3,0,Uruguay, ,Sweden,,,
23-Jun-74, 16:00 ,Group 4,Neckarstadion,Stuttgart,Germany,Poland,2,1,Italy, ,Poland,,,
26-Jun-74, 16:00 ,Group B,Rheinstadion,Düsseldorf,Germany,Yugoslavia,0,2,Germany FR, ,Germany FR,,,
26-Jun-74, 19:30 ,Group A,Niedersachsenstadion,Hanover,Germany,Brazil,1,0,German DR, ,Brazil,,,
26-Jun-74, 19:30 ,Group A,Parkstadion,Gelsenkirchen,Germany,Netherlands,4,0,Argentina, ,Netherlands,,,
26-Jun-74, 19:30 ,Group B,Neckarstadion,Stuttgart,Germany,Sweden,0,1,Poland, ,Poland,,,
30-Jun-74, 16:00 ,Group A,Niedersachsenstadion,Hanover,Germany,Argentina,1,2,Brazil, ,Brazil,,,
30-Jun-74, 16:00 ,Group B,Waldstadion,Frankfurt,Germany,Poland,2,1,Yugoslavia, ,Poland,,,
30-Jun-74, 16:00 ,Group A,Parkstadion,Gelsenkirchen,Germany,German DR,0,2,Netherlands, ,Netherlands,,,
30-Jun-74, 19:30 ,Group B,Rheinstadion,Düsseldorf,Germany,Germany FR,4,2,Sweden, ,Germany FR,,,
3-Jul-74, 17:00 ,Group B,Waldstadion,Frankfurt,Germany,Poland,0,1,Germany FR, ,Germany FR,,,
3-Jul-74, 19:30 ,Group A,Westfalenstadion,Dortmund,Germany,Netherlands,2,0,Brazil, ,Netherlands,,,
3-Jul-74, 19:30 ,Group A,Parkstadion,Gelsenkirchen,Germany,Argentina,1,1,German DR, ,Tie,,,
3-Jul-74, 19:30 ,Group B,Rheinstadion,Düsseldorf,Germany,Sweden,2,1,Yugoslavia, ,Sweden,,,
6-Jul-74, 16:00 ,Match for third place,Olympiastadion,Munich,Germany,Brazil,0,1,Poland, ,Poland,,,
7-Jul-74, 16:00 ,Final,Olympiastadion,Munich,Germany,Netherlands,1,2,Germany FR, ,Germany FR,,,
1-Jun-78, 15:00 ,Group 2,El Monumental - Estadio Monumental Antonio Vespuci,Buenos Aires,Argentina,Germany FR,0,0,Poland, ,Tie,,,
2-Jun-78, 13:45 ,Group 1,Estadio José María Minella,Mar del Plata,Argentina,Italy,2,1,France, ,Italy,,,
2-Jun-78, 16:45 ,Group 2,Arroyito - Estadio Dr. Lisandro de la Torre,Rosario,Argentina,Tunisia,3,1,Mexico, ,Tunisia,,,
2-Jun-78, 19:15 ,Group 1,El Monumental - Estadio Monumental Antonio Vespuci,Buenos Aires,Argentina,Argentina,2,1,Hungary, ,Argentina,,,
3-Jun-78, 13:45 ,Group 3,Estadio José María Minella,Mar del Plata,Argentina,Sweden,1,1,Brazil, ,Tie,,,
3-Jun-78, 13:45 ,Group 3,Jose Amalfitani,Buenos Aires,Argentina,Austria,2,1,Spain, ,Austria,,,
3-Jun-78, 16:45 ,Group 4,Estadio Olímpico Chateau Carreras,"Córdoba, Argentina",Argentina,Peru,3,1,Scotland, ,Peru,,,
3-Jun-78, 16:45 ,Group 4,San Martin,"Mendoza, Argentina",Argentina,Netherlands,3,0,IR Iran, ,Netherlands,,,
6-Jun-78, 13:45 ,Group 1,Estadio José María Minella,Mar del Plata,Argentina,Italy,3,1,Hungary, ,Italy,,,
6-Jun-78, 16:45 ,Group 2,Arroyito - Estadio Dr. Lisandro de la Torre,Rosario,Argentina,Poland,1,0,Tunisia, ,Poland,,,
6-Jun-78, 16:45 ,Group 2,Estadio Olímpico Chateau Carreras,"Córdoba, Argentina",Argentina,Germany FR,6,0,Mexico, ,Germany FR,,,
6-Jun-78, 19:15 ,Group 1,El Monumental - Estadio Monumental Antonio Vespuci,Buenos Aires,Argentina,Argentina,2,1,France, ,Argentina,,,
7-Jun-78, 13:45 ,Group 3,Estadio José María Minella,Mar del Plata,Argentina,Brazil,0,0,Spain, ,Tie,,,
7-Jun-78, 13:45 ,Group 3,Jose Amalfitani,Buenos Aires,Argentina,Austria,1,0,Sweden, ,Austria,,,
7-Jun-78, 16:45 ,Group 4,Estadio Olímpico Chateau Carreras,"Córdoba, Argentina",Argentina,Scotland,1,1,IR Iran, ,Tie,,,
7-Jun-78, 16:45 ,Group 4,San Martin,"Mendoza, Argentina",Argentina,Netherlands,0,0,Peru, ,Tie,,,
10-Jun-78, 15:10 ,Group 1,Estadio José María Minella,Mar del Plata,Argentina,France,3,1,Hungary, ,France,,,
10-Jun-78, 16:45 ,Group 2,Arroyito - Estadio Dr. Lisandro de la Torre,Rosario,Argentina,Poland,3,1,Mexico, ,Poland,,,
10-Jun-78, 16:45 ,Group 2,Estadio Olímpico Chateau Carreras,"Córdoba, Argentina",Argentina,Germany FR,0,0,Tunisia, ,Tie,,,
10-Jun-78, 19:15 ,Group 1,El Monumental - Estadio Monumental Antonio Vespuci,Buenos Aires,Argentina,Italy,1,0,Argentina, ,Italy,,,
11-Jun-78, 13:45 ,Group 3,Estadio José María Minella,Mar del Plata,Argentina,Brazil,1,0,Austria, ,Brazil,,,
11-Jun-78, 13:45 ,Group 3,Jose Amalfitani,Buenos Aires,Argentina,Spain,1,0,Sweden, ,Spain,,,
11-Jun-78, 16:45 ,Group 4,Estadio Olímpico Chateau Carreras,"Córdoba, Argentina",Argentina,Peru,4,1,Iran, ,Peru,,,
11-Jun-78, 16:45 ,Group 4,San Martin,"Mendoza, Argentina",Argentina,Scotland,3,2,Netherlands, ,Scotland,,,
14-Jun-78, 13:45 ,Group A,El Monumental - Estadio Monumental Antonio Vespuci,Buenos Aires,Argentina,Germany FR,0,0,Italy, ,Tie,,,
14-Jun-78, 13:45 ,Group A,Estadio Olímpico Chateau Carreras,"Córdoba, Argentina",Argentina,Netherlands,5,1,Austria, ,Netherlands,,,
14-Jun-78, 16:45 ,Group B,San Martin,"Mendoza, Argentina",Argentina,Brazil,3,0,Peru, ,Brazil,,,
14-Jun-78, 19:15 ,Group B,Arroyito - Estadio Dr. Lisandro de la Torre,Rosario,Argentina,Argentina,2,0,Poland, ,Argentina,,,
18-Jun-78, 13:45 ,Group B,San Martin,"Mendoza, Argentina",Argentina,Poland,1,0,Peru, ,Poland,,,
18-Jun-78, 16:45 ,Group A,El Monumental - Estadio Monumental Antonio Vespuci,Buenos Aires,Argentina,Italy,1,0,Austria, ,Italy,,,
18-Jun-78, 16:45 ,Group A,Estadio Olímpico Chateau Carreras,"Córdoba, Argentina",Argentina,Germany FR,2,2,Netherlands, ,Tie,,,
18-Jun-78, 19:15 ,Group B,Arroyito - Estadio Dr. Lisandro de la Torre,Rosario,Argentina,Argentina,0,0,Brazil, ,Tie,,,
21-Jun-78, 13:45 ,Group A,El Monumental - Estadio Monumental Antonio Vespuci,Buenos Aires,Argentina,Netherlands,2,1,Italy, ,Netherlands,,,
21-Jun-78, 13:45 ,Group A,Estadio Olímpico Chateau Carreras,"Córdoba, Argentina",Argentina,Austria,3,2,Germany FR, ,Austria,,,
21-Jun-78, 16:45 ,Group B,San Martin,"Mendoza, Argentina",Argentina,Brazil,3,1,Poland, ,Brazil,,,
21-Jun-78, 19:15 ,Group B,Arroyito - Estadio Dr. Lisandro de la Torre,Rosario,Argentina,Argentina,6,0,Peru, ,Argentina,,,
24-Jun-78, 15:00 ,Match for third place,El Monumental - Estadio Monumental Antonio Vespuci,Buenos Aires,Argentina,Brazil,2,1,Italy, ,Brazil,,,
25-Jun-78, 15:00 ,Final,El Monumental - Estadio Monumental Antonio Vespuci,Buenos Aires,Argentina,Argentina,3,1,Netherlands,Argentina win after extra time ,Argentina,,,
13-Jun-82, 20:00 ,Group 3,Camp Nou,Barcelona,Spain,Argentina,0,1,Belgium, ,Belgium,,,
14-Jun-82, 17:15 ,Group 1,Estadio Municipal de Balaï¿½dos,Vigo,Spain,Italy,0,0,Poland, ,Tie,,,
14-Jun-82, 21:00 ,Group 6,Ramon Sanchez Pizjuan,Seville,Spain,Brazil,2,1,Soviet Union, ,Brazil,,,
15-Jun-82, 17:15 ,Group 1,Riazor,A Coruña,Spain,Peru,0,0,Cameroon, ,Tie,,,
15-Jun-82, 21:00 ,Group 3,Nuevo Estadio,Elche,Spain,Hungary,10,1,El Salvador, ,Hungary,,,
15-Jun-82, 21:00 ,Group 6,La Rosaleda,Málaga,Spain,Scotland,5,2,New Zealand, ,Scotland,,,
16-Jun-82, 17:15 ,Group 2,El Molinon,Gijón,Spain,Germany FR,1,2,Algeria, ,Algeria,,,
16-Jun-82, 17:15 ,Group 4,San Mames,Bilbao,Spain,England,3,1,France, ,England,,,
16-Jun-82, 21:00 ,Group 5,Luis Casanova,Valencia,Spain,Spain,1,1,Honduras, ,Tie,,,
17-Jun-82, 17:15 ,Group 2,Carlos Tartiere,Oviedo,Spain,Chile,0,1,Austria, ,Austria,,,
17-Jun-82, 17:45 ,Group 4,Jose Zorrilla,Valladolid,Spain,Czechoslovakia,1,1,Kuwait, ,Tie,,,
17-Jun-82, 21:00 ,Group 5,La Romareda,Zaragoza,Spain,Yugoslavia,0,0,Northern Ireland, ,Tie,,,
18-Jun-82, 17:15 ,Group 1,Estadio de Balaídos,Vigo,Spain,Italy,1,1,Peru, ,Tie,,,
18-Jun-82, 21:00 ,Group 3,Jose Rico Perez,Alicante,Spain,Argentina,4,1,Hungary, ,Argentina,,,
18-Jun-82, 21:00 ,Group 6,Benito Villamarin,Seville,Spain,Brazil,4,1,Scotland, ,Brazil,,,
19-Jun-82, 19:15 ,Group 1,Riazor,A Coruña,Spain,Poland,0,0,Cameroon, ,Tie,,,
19-Jun-82, 21:00 ,Group 3,Nuevo Estadio,Elche,Spain,Belgium,1,0,El Salvador, ,Belgium,,,
19-Jun-82, 21:00 ,Group 6,La Rosaleda,Málaga,Spain,Soviet Union,3,0,New Zealand, ,Soviet Union,,,
20-Jun-82, 17:15 ,Group 2,El Molinon,Gijón,Spain,Germany FR,4,1,Chile, ,Germany FR,,,
20-Jun-82, 17:15 ,Group 4,San Mames,Bilbao,Spain,England,2,0,Czechoslovakia, ,England,,,
20-Jun-82, 21:00 ,Group 5,Luis Casanova,Valencia,Spain,Spain,2,1,Yugoslavia, ,Spain,,,
21-Jun-82, 17:15 ,Group 2,Carlos Tartiere,Oviedo,Spain,Algeria,0,2,Austria, ,Austria,,,
21-Jun-82, 17:15 ,Group 4,Jose Zorrilla,Valladolid,Spain,France,4,1,Kuwait, ,France,,,
21-Jun-82, 21:00 ,Group 5,La Romareda,Zaragoza,Spain,Honduras,1,1,Northern Ireland, ,Tie,,,
22-Jun-82, 17:15 ,Group 1,Riazor,A Coruña,Spain,Poland,5,1,Peru, ,Poland,,,
22-Jun-82, 21:00 ,Group 3,Nuevo Estadio,Elche,Spain,Belgium,1,1,Hungary, ,Tie,,,
22-Jun-82, 21:00 ,Group 6,La Rosaleda,Málaga,Spain,Soviet Union,2,2,Scotland, ,Tie,,,
23-Jun-82, 17:15 ,Group 1,Estadio de Balaídos,Vigo,Spain,Italy,1,1,Cameroon, ,Tie,,,
23-Jun-82, 21:00 ,Group 3,Jose Rico Perez,Alicante,Spain,Argentina,2,0,El Salvador, ,Argentina,,,
23-Jun-82, 21:00 ,Group 6,Benito Villamarin,Seville,Spain,Brazil,4,0,New Zealand, ,Brazil,,,
24-Jun-82, 17:15 ,Group 2,Carlos Tartiere,Oviedo,Spain,Algeria,3,2,Chile, ,Algeria,,,
24-Jun-82, 17:15 ,Group 4,Jose Zorrilla,Valladolid,Spain,France,1,1,Czechoslovakia, ,Tie,,,
24-Jun-82, 21:00 ,Group 5,La Romareda,Zaragoza,Spain,Honduras,0,1,Yugoslavia, ,Yugoslavia,,,
25-Jun-82, 17:15 ,Group 2,El Molinon,Gijón,Spain,Germany FR,1,0,Austria, ,Germany FR,,,
25-Jun-82, 17:15 ,Group 4,San Mames,Bilbao,Spain,England,1,0,Kuwait, ,England,,,
25-Jun-82, 21:00 ,Group 5,Luis Casanova,Valencia,Spain,Northern Ireland,1,0,Spain, ,Northern Ireland,,,
28-Jun-82, 17:15 ,Group 4,Vicente Calderon,Madrid,Spain,Austria,0,1,France, ,France,,,
28-Jun-82, 21:00 ,Group 1,Camp Nou,Barcelona,Spain,Poland,3,0,Belgium, ,Poland,,,
29-Jun-82, 17:15 ,Group 3,Sarria,Barcelona,Spain,Italy,2,1,Argentina, ,Italy,,,
29-Jun-82, 21:00 ,Group 2,Santiago Bernabeu,Madrid,Spain,Germany FR,0,0,England, ,Tie,,,
1-Jul-82, 17:15 ,Group 4,Vicente Calderon,Madrid,Spain,Austria,2,2,Northern Ireland, ,Tie,,,
1-Jul-82, 21:00 ,Group 1,Camp Nou,Barcelona,Spain,Belgium,0,1,Soviet Union, ,Soviet Union,,,
2-Jul-82, 17:15 ,Group 3,Sarria,Barcelona,Spain,Argentina,1,3,Brazil, ,Brazil,,,
2-Jul-82, 21:00 ,Group 2,Santiago Bernabeu,Madrid,Spain,Germany FR,2,1,Spain, ,Germany FR,,,
4-Jul-82, 17:15 ,Group 4,Vicente Calderon,Madrid,Spain,France,4,1,Northern Ireland, ,France,,,
4-Jul-82, 21:00 ,Group 1,Camp Nou,Barcelona,Spain,Poland,0,0,Soviet Union, ,Tie,,,
5-Jul-82, 17:15 ,Group 3,Sarria,Barcelona,Spain,Italy,3,2,Brazil, ,Italy,,,
5-Jul-82, 21:00 ,Group 2,Santiago Bernabeu,Madrid,Spain,Spain,0,0,England, ,Tie,,,
8-Jul-82, 17:15 ,Semi-finals,Camp Nou,Barcelona,Spain,Poland,0,2,Italy, ,Italy,,,
8-Jul-82, 21:00 ,Semi-finals,Ramon Sanchez Pizjuan,Seville,Spain,Germany FR,3,3,France, win on penalties (5 - 4) ,Tie,5,4,Germany FR
10-Jul-82, 20:00 ,Match for third place,Jose Rico Perez,Alicante,Spain,Poland,3,2,France, ,Poland,,,
11-Jul-82, 20:00 ,Final,Santiago Bernabeu,Madrid,Spain,Italy,3,1,Germany FR, ,Italy,,,
31-May-86, 12:00 ,Group A,Estadio Azteca,Mexico City,Mexico,Bulgaria,1,1,Italy, ,Tie,,,
1-Jun-86, 16:00 ,Group C,Nou Camp - Estadio Leon,Leon ,Mexico,Canada,0,1,France, ,France,,,
1-Jun-86, 12:00 ,Group D,Jalisco,Guadalajara,Mexico,Spain,0,1,Brazil, ,Brazil,,,
2-Jun-86, 12:00 ,Group C,Estadio Irapuato,Irapuato,Mexico,Soviet Union,6,0,Hungary, ,Soviet Union,,,
2-Jun-86, 12:00 ,Group A,Estadio Olímpico Universitario,Mexico City,Mexico,Argentina,3,1,Korea Republic, ,Argentina,,,
2-Jun-86, 16:00 ,Group F,Estadio Universitario,Monterrey,Mexico,Morocco,0,0,Poland, ,Tie,,,
3-Jun-86, 12:00 ,Group D,Tres de Marzo,Guadalajara,Mexico,Algeria,1,1,Northern Ireland, ,Tie,,,
3-Jun-86, 12:00 ,Group B,Estadio Azteca,Mexico City,Mexico,Belgium,1,2,Mexico, ,Mexico,,,
3-Jun-86, 16:00 ,Group F,Tecnologico,Monterrey,Mexico,Portugal,1,0,England, ,Portugal,,,
4-Jun-86, 12:00 ,Group B,Bombonera - Estadio Nemesio Diez,Toluca,Mexico,Paraguay,1,0,Iraq, ,Paraguay,,,
4-Jun-86, 16:00 ,Group E,Neza,Ciudad Nezahualcóyotl,Mexico,Scotland,0,1,Denmark, ,Denmark,,,
4-Jun-86, 12:00 ,Group E,Estadio Corregidora,Querétaro,Mexico,Uruguay,1,1,Germany FR, ,Tie,,,
5-Jun-86, 12:00 ,Group A,Cuauhtemoc,Puebla,Mexico,Italy,1,1,Argentina, ,Tie,,,
5-Jun-86, 12:00 ,Group C,Nou Camp - Estadio Leon,Leon ,Mexico,France,1,1,Soviet Union, ,Tie,,,
5-Jun-86, 16:00 ,Group A,Estadio Olímpico Universitario,Mexico City,Mexico,Korea Republic,1,1,Bulgaria, ,Tie,,,
6-Jun-86, 12:00 ,Group C,Estadio Irapuato,Irapuato,Mexico,Hungary,2,0,Canada, ,Hungary,,,
6-Jun-86, 12:00 ,Group D,Jalisco,Guadalajara,Mexico,Brazil,1,0,Algeria, ,Brazil,,,
6-Jun-86, 16:00 ,Group F,Tecnologico,Monterrey,Mexico,England,0,0,Morocco, ,Tie,,,
7-Jun-86, 12:00 ,Group D,Tres de Marzo,Guadalajara,Mexico,Northern Ireland,1,2,Spain, ,Spain,,,
7-Jun-86, 12:00 ,Group B,Estadio Azteca,Mexico City,Mexico,Mexico,1,1,Paraguay, ,Tie,,,
7-Jun-86, 16:00 ,Group F,Estadio Universitario,Monterrey,Mexico,Poland,1,0,Portugal, ,Poland,,,
8-Jun-86, 12:00 ,Group B,Bombonera - Estadio Nemesio Diez,Toluca,Mexico,Iraq,1,2,Belgium, ,Belgium,,,
8-Jun-86, 16:00 ,Group E,Neza,Ciudad Nezahualcóyotl,Mexico,Denmark,6,1,Uruguay, ,Denmark,,,
8-Jun-86, 12:00 ,Group E,Estadio Corregidora,Querétaro,Mexico,Germany FR,2,1,Scotland, ,Germany FR,,,
9-Jun-86, 12:00 ,Group C,Nou Camp - Estadio Leon,Leon ,Mexico,Hungary,0,3,France, ,France,,,
9-Jun-86, 12:00 ,Group C,Estadio Irapuato,Irapuato,Mexico,Soviet Union,2,0,Canada, ,Soviet Union,,,
10-Jun-86, 12:00 ,Group A,Cuauhtemoc,Puebla,Mexico,Korea Republic,2,3,Italy, ,Italy,,,
10-Jun-86, 12:00 ,Group A,Estadio Olímpico Universitario,Mexico City,Mexico,Argentina,2,0,Bulgaria, ,Argentina,,,
11-Jun-86, 12:00 ,Group B,Bombonera - Estadio Nemesio Diez,Toluca,Mexico,Paraguay,2,2,Belgium, ,Tie,,,
11-Jun-86, 12:00 ,Group B,Estadio Azteca,Mexico City,Mexico,Iraq,0,1,Mexico, ,Mexico,,,
11-Jun-86, 16:00 ,Group F,Tres de Marzo,Guadalajara,Mexico,Portugal,1,3,Morocco, ,Morocco,,,
11-Jun-86, 16:00 ,Group F,Tecnologico,Monterrey,Mexico,England,3,0,Poland, ,England,,,
12-Jun-86, 12:00 ,Group D,Jalisco,Guadalajara,Mexico,Northern Ireland,0,3,Brazil, ,Brazil,,,
12-Jun-86, 12:00 ,Group D,Tecnologico,Monterrey,Mexico,Algeria,0,3,Spain, ,Spain,,,
13-Jun-86, 12:00 ,Group E,Neza,Ciudad Nezahualcóyotl,Mexico,Scotland,0,0,Uruguay, ,Tie,,,
13-Jun-86, 12:00 ,Group E,Estadio Corregidora,Querétaro,Mexico,Denmark,2,0,Germany FR, ,Denmark,,,
15-Jun-86, 16:00 ,Round of 16,Nou Camp - Estadio Leon,Leon ,Mexico,Soviet Union,3,4,Belgium,Belgium win after extra time ,Belgium,,,
15-Jun-86, 12:00 ,Round of 16,Estadio Azteca,Mexico City,Mexico,Mexico,2,0,Bulgaria, ,Mexico,,,
16-Jun-86, 16:00 ,Round of 16,Cuauhtemoc,Puebla,Mexico,Argentina,1,0,Uruguay, ,Argentina,,,
16-Jun-86, 12:00 ,Round of 16,Jalisco,Guadalajara,Mexico,Brazil,4,0,Poland, ,Brazil,,,
17-Jun-86, 12:00 ,Round of 16,Estadio Olímpico Universitario,Mexico City,Mexico,Italy,0,2,France, ,France,,,
17-Jun-86, 16:00 ,Round of 16,Estadio Universitario,Monterrey,Mexico,Morocco,0,1,Germany FR, ,Germany FR,,,
18-Jun-86, 12:00 ,Round of 16,Estadio Azteca,Mexico City,Mexico,England,3,0,Paraguay, ,England,,,
18-Jun-86, 16:00 ,Round of 16,Estadio Corregidora,Querétaro,Mexico,Denmark,1,5,Spain, ,Spain,,,
21-Jun-86, 12:00 ,Quarter-finals,Jalisco,Guadalajara,Mexico,Brazil,1,1,France,France win on penalties (3 - 4) ,Tie,3,4,France
21-Jun-86, 16:00 ,Quarter-finals,Estadio Universitario,Monterrey,Mexico,Germany FR,0,0,Mexico,Germany FR win on penalties (4 - 1) ,Tie,4,1,Germany FR
22-Jun-86, 16:00 ,Quarter-finals,Cuauhtemoc,Puebla,Mexico,Spain,1,1,Belgium,Belgium win on penalties (4 - 5) ,Tie,4,5,Belgium
22-Jun-86, 12:00 ,Quarter-finals,Estadio Azteca,Mexico City,Mexico,Argentina,2,1,England, ,Argentina,,,
25-Jun-86, 12:00 ,Semi-finals,Jalisco,Guadalajara,Mexico,France,0,2,Germany FR, ,Germany FR,,,
25-Jun-86, 16:00 ,Semi-finals,Estadio Azteca,Mexico City,Mexico,Argentina,2,0,Belgium, ,Argentina,,,
28-Jun-86, 12:00 ,Match for third place,Cuauhtemoc,Puebla,Mexico,France,4,2,Belgium,France win after extra time ,France,,,
29-Jun-86, 12:00 ,Final,Estadio Azteca,Mexico City,Mexico,Argentina,3,2,Germany FR, ,Argentina,,,
8-Jun-90, 18:00 ,Group B,Giuseppe Meazza,Milan,Italy,Argentina,0,1,Cameroon, ,Cameroon,,,
9-Jun-90, 17:00 ,Group B,Stadio San Nicola,Bari,Italy,Soviet Union,0,2,Romania, ,Romania,,,
9-Jun-90, 17:00 ,Group D,Renato Dall Ara,Bologna,Italy,United Arab Emirates,0,2,Colombia, ,Colombia,,,
9-Jun-90, 21:00 ,Group A,Stadio Olimpico,Rome,Italy,Italy,1,0,Austria, ,Italy,,,
10-Jun-90, 17:00 ,Group A,Comunale,Florence,Italy,USA,1,5,Czechoslovakia, ,Czechoslovakia,,,
10-Jun-90, 21:00 ,Group C,Stadio delle Alpi,Turin,Italy,Brazil,2,1,Sweden, ,Brazil,,,
10-Jun-90, 21:00 ,Group D,Giuseppe Meazza,Milan,Italy,Germany FR,4,1,Yugoslavia, ,Germany FR,,,
11-Jun-90, 17:00 ,Group C,Luigi Ferraris,Genoa,Italy,Costa Rica,1,0,Scotland, ,Costa Rica,,,
11-Jun-90, 21:00 ,Group F,Sant Elia,Cagliari,Italy,England,1,1,Republic of Ireland, ,Tie,,,
12-Jun-90, 17:00 ,Group E,Marc Antonio Bentegodi,Verona,Italy,Belgium,2,0,Korea Republic, ,Belgium,,,
12-Jun-90, 21:00 ,Group F,Della Favorita,Palermo,Italy,Netherlands,1,1,Egypt, ,Tie,,,
13-Jun-90, 17:00 ,Group E,Dacia Arena,Udine,Italy,Uruguay,0,0,Spain, ,Tie,,,
13-Jun-90, 21:00 ,Group B,San Paolo,Naples,Italy,Argentina,2,0,Soviet Union, ,Argentina,,,
14-Jun-90, 17:00 ,Group B,Stadio San Nicola,Bari,Italy,Cameroon,2,1,Romania, ,Cameroon,,,
14-Jun-90, 17:00 ,Group D,Renato Dall Ara,Bologna,Italy,Yugoslavia,1,0,Colombia, ,Yugoslavia,,,
14-Jun-90, 21:00 ,Group A,Stadio Olimpico,Rome,Italy,Italy,1,0,USA, ,Italy,,,
15-Jun-90, 17:00 ,Group A,Comunale,Florence,Italy,Austria,0,1,Czechoslovakia, ,Czechoslovakia,,,
15-Jun-90, 21:00 ,Group D,Giuseppe Meazza,Milan,Italy,Germany FR,5,1,United Arab Emirates, ,Germany FR,,,
16-Jun-90, 17:00 ,Group C,Stadio delle Alpi,Turin,Italy,Brazil,1,0,Costa Rica, ,Brazil,,,
16-Jun-90, 21:00 ,Group C,Luigi Ferraris,Genoa,Italy,Sweden,1,2,Scotland, ,Scotland,,,
16-Jun-90, 21:00 ,Group F,Sant Elia,Cagliari,Italy,England,0,0,Netherlands, ,Tie,,,
17-Jun-90, 17:00 ,Group F,Della Favorita,Palermo,Italy,Republic of Ireland,0,0,Egypt, ,Tie,,,
17-Jun-90, 21:00 ,Group E,Dacia Arena,Udine,Italy,Korea Republic,1,3,Spain, ,Spain,,,
17-Jun-90, 21:00 ,Group E,Marc Antonio Bentegodi,Verona,Italy,Belgium,3,1,Uruguay, ,Belgium,,,
18-Jun-90, 21:00 ,Group B,San Paolo,Naples,Italy,Argentina,1,1,Romania, ,Tie,,,
18-Jun-90, 21:00 ,Group B,Stadio San Nicola,Bari,Italy,Cameroon,0,4,Soviet Union, ,Soviet Union,,,
19-Jun-90, 17:00 ,Group D,Giuseppe Meazza,Milan,Italy,Germany FR,1,1,Colombia, ,Tie,,,
19-Jun-90, 17:00 ,Group D,Renato Dall Ara,Bologna,Italy,Yugoslavia,4,1,United Arab Emirates, ,Yugoslavia,,,
19-Jun-90, 21:00 ,Group A,Stadio Olimpico,Rome,Italy,Italy,2,0,Czechoslovakia, ,Italy,,,
19-Jun-90, 21:00 ,Group A,Comunale,Florence,Italy,Austria,2,1,USA, ,Austria,,,
20-Jun-90, 21:00 ,Group C,Stadio delle Alpi,Turin,Italy,Brazil,1,0,Scotland, ,Brazil,,,
20-Jun-90, 21:00 ,Group C,Luigi Ferraris,Genoa,Italy,Sweden,1,2,Costa Rica, ,Costa Rica,,,
21-Jun-90, 17:00 ,Group E,Friuli,Udine,Italy,Korea Republic,0,1,Uruguay, ,Uruguay,,,
21-Jun-90, 17:00 ,Group E,Marc Antonio Bentegodi,Verona,Italy,Belgium,1,2,Spain, ,Spain,,,
21-Jun-90, 21:00 ,Group F,Della Favorita,Palermo,Italy,Republic of Ireland,1,1,Netherlands, ,Tie,,,
21-Jun-90, 21:00 ,Group F,Sant Elia,Cagliari,Italy,England,1,0,Egypt, ,England,,,
23-Jun-90, 17:00 ,Round of 16,San Paolo,Naples,Italy,Cameroon,2,1,Colombia,Cameroon win after extra time ,Cameroon,,,
23-Jun-90, 21:00 ,Round of 16,Stadio San Nicola,Bari,Italy,Czechoslovakia,4,1,Costa Rica, ,Czechoslovakia,,,
24-Jun-90, 17:00 ,Round of 16,Stadio delle Alpi,Turin,Italy,Brazil,0,1,Argentina, ,Argentina,,,
24-Jun-90, 21:00 ,Round of 16,Giuseppe Meazza,Milan,Italy,Germany FR,2,1,Netherlands, ,Germany FR,,,
25-Jun-90, 17:00 ,Round of 16,Luigi Ferraris,Genoa,Italy,Republic of Ireland,0,0,Romania,Republic of Ireland win on penalties (5 - 4) ,Tie,5,4,Republic of Ireland
25-Jun-90, 21:00 ,Round of 16,Stadio Olimpico,Rome,Italy,Italy,2,0,Uruguay, ,Italy,,,
26-Jun-90, 17:00 ,Round of 16,Marc Antonio Bentegodi,Verona,Italy,Spain,1,2,Yugoslavia,Yugoslavia win after extra time ,Yugoslavia,,,
26-Jun-90, 21:00 ,Round of 16,Renato Dall Ara,Bologna,Italy,England,1,0,Belgium,England win after extra time ,England,,,
30-Jun-90, 17:00 ,Quarter-finals,Comunale,Florence,Italy,Yugoslavia,0,0,Argentina, win on penalties (2 - 3) ,Tie,2,3,Argentina
30-Jun-90, 21:00 ,Quarter-finals,Stadio Olimpico,Rome,Italy,Italy,1,0,Republic of Ireland, ,Italy,,,
1-Jul-90, 17:00 ,Quarter-finals,Giuseppe Meazza,Milan,Italy,Germany FR,1,0,Czechoslovakia, ,Germany FR,,,
1-Jul-90, 21:00 ,Quarter-finals,San Paolo,Naples,Italy,England,3,2,Cameroon,England win after extra time ,England,,,
3-Jul-90, 20:00 ,Semi-finals,San Paolo,Naples,Italy,Italy,1,1,Argentina, win on penalties (3 - 4) ,Tie,3,4,Argentina
4-Jul-90, 20:00 ,Semi-finals,Stadio delle Alpi,Turin,Italy,Germany FR,1,1,England, win on penalties (4 - 3) ,Tie,4,3,Germany FR
7-Jul-90, 20:00 ,Match for third place,Stadio San Nicola,Bari,Italy,Italy,2,1,England, ,Italy,,,
8-Jul-90, 20:00 ,Final,Stadio Olimpico,Rome,Italy,Germany FR,1,0,Argentina, ,Germany FR,,,
17-Jun-94, 19:30 ,Group C,Cotton Bowl,Dallas,USA,Spain,2,2,Korea Republic, ,Tie,,,
17-Jun-94, 15:00 ,Group C,Soldier Field,Chicago,USA,Germany,1,0,Bolivia, ,Germany,,,
18-Jun-94, 11:30 ,Group A,Pontiac Silverdome,Detroit,USA,USA,1,1,Switzerland, ,Tie,,,
18-Jun-94, 16:00 ,Group E,Giants Stadium,New York/New Jersey ,USA,Italy,0,1,Republic of Ireland, ,Republic of Ireland,,,
18-Jun-94, 19:30 ,Group A,Rose Bowl,Los Angeles,USA,Colombia,1,3,Romania, ,Romania,,,
19-Jun-94, 12:30 ,Group F,Citrus Bowl,"Orlando, Florida",USA,Belgium,1,0,Morocco, ,Belgium,,,
19-Jun-94, 16:00 ,Group E,RFK Stadium,"Washington, D.C.",USA,Norway,1,0,Mexico, ,Norway,,,
19-Jun-94, 19:30 ,Group B,Rose Bowl,Los Angeles,USA,Cameroon,2,2,Sweden, ,Tie,,,
20-Jun-94, 19:30 ,Group F,RFK Stadium,"Washington, D.C.",USA,Netherlands,2,1,Saudi Arabia, ,Netherlands,,,
20-Jun-94, 16:00 ,Group B,Stanford Stadium,San Francisco,USA,Brazil,2,0,Russia, ,Brazil,,,
21-Jun-94, 12:30 ,Group D,Foxboro Stadium,Boston,USA,Argentina,4,0,Greece, ,Argentina,,,
21-Jun-94, 19:30 ,Group D,Cotton Bowl,Dallas,USA,Nigeria,3,0,Bulgaria, ,Nigeria,,,
21-Jun-94, 16:00 ,Group C,Soldier Field,Chicago,USA,Germany,1,1,Spain, ,Tie,,,
22-Jun-94, 16:00 ,Group A,Pontiac Silverdome,Detroit,USA,Romania,1,4,Switzerland, ,Switzerland,,,
22-Jun-94, 19:30 ,Group A,Rose Bowl,Los Angeles,USA,USA,2,1,Colombia, ,USA,,,
23-Jun-94, 16:00 ,Group E,Giants Stadium,New York/New Jersey ,USA,Italy,1,0,Norway, ,Italy,,,
23-Jun-94, 19:30 ,Group C,Foxboro Stadium,Boston,USA,Korea Republic,0,0,Bolivia, ,Tie,,,
24-Jun-94, 12:30 ,Group E,Citrus Bowl,"Orlando, Florida",USA,Mexico,2,1,Republic of Ireland, ,Mexico,,,
24-Jun-94, 19:30 ,Group B,Pontiac Silverdome,Detroit,USA,Sweden,3,1,Russia, ,Sweden,,,
24-Jun-94, 16:00 ,Group B,Stanford Stadium,San Francisco,USA,Brazil,3,0,Cameroon, ,Brazil,,,
25-Jun-94, 12:30 ,Group F,Citrus Bowl,"Orlando, Florida",USA,Belgium,1,0,Netherlands, ,Belgium,,,
25-Jun-94, 12:30 ,Group F,Giants Stadium,New York/New Jersey ,USA,Saudi Arabia,2,1,Morocco, ,Saudi Arabia,,,
25-Jun-94, 16:00 ,Group D,Foxboro Stadium,Boston,USA,Argentina,2,1,Nigeria, ,Argentina,,,
26-Jun-94, 12:30 ,Group D,Soldier Field,Chicago,USA,Bulgaria,4,0,Greece, ,Bulgaria,,,
26-Jun-94, 16:00 ,Group A,Rose Bowl,Los Angeles,USA,USA,0,1,Romania, ,Romania,,,
26-Jun-94, 16:00 ,Group A,Stanford Stadium,San Francisco,USA,Switzerland,0,2,Colombia, ,Colombia,,,
27-Jun-94, 16:00 ,Group C,Cotton Bowl,Dallas,USA,Germany,3,2,Korea Republic, ,Germany,,,
27-Jun-94, 16:00 ,Group C,Soldier Field,Chicago,USA,Bolivia,1,3,Spain, ,Spain,,,
28-Jun-94, 12:30 ,Group E,Giants Stadium,New York/New Jersey ,USA,Republic of Ireland,0,0,Norway, ,Tie,,,
28-Jun-94, 16:00 ,Group B,Pontiac Silverdome,Detroit,USA,Brazil,1,1,Sweden, ,Tie,,,
28-Jun-94, 12:30 ,Group E,RFK Stadium,"Washington, D.C.",USA,Italy,1,1,Mexico, ,Tie,,,
28-Jun-94, 16:00 ,Group B,Stanford Stadium,San Francisco,USA,Russia,6,1,Cameroon, ,Russia,,,
29-Jun-94, 12:30 ,Group F,Citrus Bowl,"Orlando, Florida",USA,Morocco,1,2,Netherlands, ,Netherlands,,,
29-Jun-94, 12:30 ,Group F,RFK Stadium,"Washington, D.C.",USA,Belgium,0,1,Saudi Arabia, ,Saudi Arabia,,,
30-Jun-94, 19:30 ,Group D,Foxboro Stadium,Boston,USA,Greece,0,2,Nigeria, ,Nigeria,,,
30-Jun-94, 19:30 ,Group D,Cotton Bowl,Dallas,USA,Argentina,0,2,Bulgaria, ,Bulgaria,,,
2-Jul-94, 12:00 ,Round of 16,Soldier Field,Chicago,USA,Germany,3,2,Belgium, ,Germany,,,
2-Jul-94, 16:30 ,Round of 16,RFK Stadium,"Washington, D.C.",USA,Spain,3,0,Switzerland, ,Spain,,,
3-Jul-94, 12:00 ,Round of 16,Cotton Bowl,Dallas,USA,Saudi Arabia,1,3,Sweden, ,Sweden,,,
3-Jul-94, 13:30 ,Round of 16,Rose Bowl,Los Angeles,USA,Romania,3,2,Argentina, ,Romania,,,
4-Jul-94, 12:00 ,Round of 16,Citrus Bowl,"Orlando, Florida",USA,Netherlands,2,0,Republic of Ireland, ,Netherlands,,,
4-Jul-94, 12:30 ,Round of 16,Stanford Stadium,San Francisco,USA,Brazil,1,0,USA, ,Brazil,,,
5-Jul-94, 13:00 ,Round of 16,Foxboro Stadium,Boston,USA,Nigeria,1,2,Italy,Italy win after extra time ,Italy,,,
5-Jul-94, 16:30 ,Round of 16,Giants Stadium,New York/New Jersey ,USA,Mexico,1,1,Bulgaria,Bulgaria win on penalties (1 - 3) ,Tie,1,3,Bulgaria
9-Jul-94, 12:00 ,Quarter-finals,Foxboro Stadium,Boston,USA,Italy,2,1,Spain, ,Italy,,,
9-Jul-94, 14:30 ,Quarter-finals,Cotton Bowl,Dallas,USA,Netherlands,2,3,Brazil, ,Brazil,,,
10-Jul-94, 12:00 ,Quarter-finals,Giants Stadium,New York/New Jersey ,USA,Bulgaria,2,1,Germany, ,Bulgaria,,,
10-Jul-94, 12:30 ,Quarter-finals,Stanford Stadium,San Francisco,USA,Romania,2,2,Sweden,Sweden win on penalties (4 - 5) ,Tie,4,5,Sweden
13-Jul-94, 16:00 ,Semi-finals,Giants Stadium,New York/New Jersey ,USA,Bulgaria,1,2,Italy, ,Italy,,,
13-Jul-94, 16:30 ,Semi-finals,Rose Bowl,Los Angeles,USA,Sweden,0,1,Brazil, ,Brazil,,,
16-Jul-94, 12:30 ,Match for third place,Rose Bowl,Los Angeles,USA,Sweden,4,0,Bulgaria, ,Sweden,,,
17-Jul-94, 12:30 ,Final,Rose Bowl,Los Angeles,USA,Brazil,0,0,Italy,Brazil win on penalties (3 - 2) ,Tie,3,2,Brazil
10-Jun-98, 17:30 ,Group A,Stade de France,"Saint-Denis, Seine-Saint-Denis",France,Brazil,2,1,Scotland, ,Brazil,,,
10-Jun-98, 21:00 ,Group A,La Mosson,Montpellier,France,Morocco,2,2,Norway, ,Tie,,,
11-Jun-98, 17:30 ,Group B,Stade du Parc Lescure,Bordeaux,France,Italy,2,2,Chile, ,Tie,,,
11-Jun-98, 21:00 ,Group B,Stade Municipal,Toulouse,France,Cameroon,1,1,Austria, ,Tie,,,
12-Jun-98, 14:30 ,Group D,La Mosson,Montpellier,France,Paraguay,0,0,Bulgaria, ,Tie,,,
12-Jun-98, 17:30 ,Group C,Stade Felix Bollaert,"Lens, Pas-de-Calais",France,Saudi Arabia,0,1,Denmark, ,Denmark,,,
12-Jun-98, 21:00 ,Group C,Stade Vélodrome,Marseille,France,France,3,0,South Africa, ,France,,,
13-Jun-98, 14:30 ,Group D,La Beaujoire,Nantes,France,Spain,2,3,Nigeria, ,Nigeria,,,
13-Jun-98, 17:30 ,Group E,Stade de Gerland,Lyon,France,Korea Republic,1,3,Mexico, ,Mexico,,,
13-Jun-98, 21:00 ,Group E,Stade de France,"Saint-Denis, Seine-Saint-Denis",France,Netherlands,0,0,Belgium, ,Tie,,,
14-Jun-98, 14:30 ,Group H,Stade Municipal,Toulouse,France,Argentina,1,0,Japan, ,Argentina,,,
14-Jun-98, 17:30 ,Group F,Stade Geoffroy Guichard,Saint-Étienne,France,Yugoslavia,1,0,Iran, ,Yugoslavia,,,
14-Jun-98, 21:00 ,Group H,Stade Felix Bollaert,"Lens, Pas-de-Calais",France,Jamaica,1,3,Croatia, ,Croatia,,,
15-Jun-98, 14:30 ,Group G,Stade Vélodrome,Marseille,France,England,2,0,Tunisia, ,England,,,
15-Jun-98, 17:30 ,Group G,Stade de Gerland,Lyon,France,Romania,1,0,Colombia, ,Romania,,,
15-Jun-98, 21:00 ,Group F,Parc des Princes,Paris,France,Germany,2,0,USA, ,Germany,,,
16-Jun-98, 17:30 ,Group A,Stade du Parc Lescure,Bordeaux,France,Scotland,1,1,Norway, ,Tie,,,
16-Jun-98, 21:00 ,Group A,La Beaujoire,Nantes,France,Brazil,3,0,Morocco, ,Brazil,,,
17-Jun-98, 17:30 ,Group B,Stade Geoffroy Guichard,Saint-Étienne,France,Chile,1,1,Austria, ,Tie,,,
17-Jun-98, 21:00 ,Group B,La Mosson,Montpellier,France,Italy,3,0,Cameroon, ,Italy,,,
18-Jun-98, 17:30 ,Group C,Stade Municipal,Toulouse,France,South Africa,1,1,Denmark, ,Tie,,,
18-Jun-98, 21:00 ,Group C,Stade de France,"Saint-Denis, Seine-Saint-Denis",France,France,4,0,Saudi Arabia, ,France,,,
19-Jun-98, 17:30 ,Group D,Parc des Princes,Paris,France,Nigeria,1,0,Bulgaria, ,Nigeria,,,
19-Jun-98, 21:00 ,Group D,Stade Geoffroy Guichard,Saint-Étienne,France,Spain,0,0,Paraguay, ,Tie,,,
20-Jun-98, 14:30 ,Group H,La Beaujoire,Nantes,France,Japan,0,1,Croatia, ,Croatia,,,
20-Jun-98, 17:30 ,Group E,Stade du Parc Lescure,Bordeaux,France,Belgium,2,2,Mexico, ,Tie,,,
20-Jun-98, 21:00 ,Group E,Stade Vélodrome,Marseille,France,Netherlands,5,0,Korea Republic, ,Netherlands,,,
21-Jun-98, 14:30 ,Group F,Stade Felix Bollaert,"Lens, Pas-de-Calais",France,Germany,2,2,Yugoslavia, ,Tie,,,
21-Jun-98, 17:30 ,Group H,Parc des Princes,Paris,France,Argentina,5,0,Jamaica, ,Argentina,,,
21-Jun-98, 21:00 ,Group F,Stade de Gerland,Lyon,France,USA,1,2,Iran, ,Iran,,,
22-Jun-98, 17:30 ,Group G,La Mosson,Montpellier,France,Colombia,1,0,Tunisia, ,Colombia,,,
22-Jun-98, 21:00 ,Group G,Stade Municipal,Toulouse,France,Romania,2,1,England, ,Romania,,,
23-Jun-98, 16:00 ,Group B,Stade de France,"Saint-Denis, Seine-Saint-Denis",France,Italy,2,1,Austria, ,Italy,,,
23-Jun-98, 16:00 ,Group B,La Beaujoire,Nantes,France,Chile,1,1,Cameroon, ,Tie,,,
23-Jun-98, 21:00 ,Group A,Stade Geoffroy Guichard,Saint-Étienne,France,Scotland,0,3,Morocco, ,Morocco,,,
23-Jun-98, 21:00 ,Group A,Stade Vélodrome,Marseille,France,Brazil,1,2,Norway, ,Norway,,,
24-Jun-98, 16:00 ,Group C,Stade de Gerland,Lyon,France,France,2,1,Denmark, ,France,,,
24-Jun-98, 16:00 ,Group C,Stade du Parc Lescure,Bordeaux,France,South Africa,2,2,Saudi Arabia, ,Tie,,,
24-Jun-98, 21:00 ,Group D,Stade Felix Bollaert,"Lens, Pas-de-Calais",France,Spain,6,1,Bulgaria, ,Spain,,,
24-Jun-98, 21:00 ,Group D,Stade Municipal,Toulouse,France,Nigeria,1,3,Paraguay, ,Paraguay,,,
25-Jun-98, 16:00 ,Group E,Parc des Princes,Paris,France,Belgium,1,1,Korea Republic, ,Tie,,,
25-Jun-98, 16:00 ,Group E,Stade Geoffroy Guichard,Saint-Étienne,France,Netherlands,2,2,Mexico, ,Tie,,,
25-Jun-98, 21:00 ,Group F,La Mosson,Montpellier,France,Germany,2,0,Iran, ,Germany,,,
25-Jun-98, 21:00 ,Group F,La Beaujoire,Nantes,France,USA,0,1,Yugoslavia, ,Yugoslavia,,,
26-Jun-98, 16:00 ,Group H,Stade de Gerland,Lyon,France,Japan,1,2,Jamaica, ,Jamaica,,,
26-Jun-98, 16:00 ,Group H,Stade du Parc Lescure,Bordeaux,France,Argentina,1,0,Croatia, ,Argentina,,,
26-Jun-98, 21:00 ,Group G,Stade de France,"Saint-Denis, Seine-Saint-Denis",France,Romania,1,1,Tunisia, ,Tie,,,
26-Jun-98, 21:00 ,Group G,Stade Felix Bollaert,"Lens, Pas-de-Calais",France,Colombia,0,2,England, ,England,,,
27-Jun-98, 16:30 ,Round of 16,Stade Vélodrome,Marseille,France,Italy,1,0,Norway, ,Italy,,,
27-Jun-98, 21:00 ,Round of 16,Parc des Princes,Paris,France,Brazil,4,1,Chile, ,Brazil,,,
28-Jun-98, 16:30 ,Round of 16,Stade Felix Bollaert,"Lens, Pas-de-Calais",France,France,1,0,Paraguay,France win after extra time ,France,,,
28-Jun-98, 21:00 ,Round of 16,Stade de France,"Saint-Denis, Seine-Saint-Denis",France,Nigeria,1,4,Denmark, ,Denmark,,,
29-Jun-98, 16:30 ,Round of 16,La Mosson,Montpellier,France,Germany,2,1,Mexico, ,Germany,,,
29-Jun-98, 21:00 ,Round of 16,Stade Municipal,Toulouse,France,Netherlands,2,1,Yugoslavia, ,Netherlands,,,
30-Jun-98, 16:30 ,Round of 16,Stade du Parc Lescure,Bordeaux,France,Romania,0,1,Croatia, ,Croatia,,,
30-Jun-98, 21:00 ,Round of 16,Stade Geoffroy Guichard,Saint-Étienne,France,Argentina,2,2,England,Argentina win on penalties (4 - 3) ,Tie,4,3,Argentina
3-Jul-98, 16:30 ,Quarter-finals,Stade de France,"Saint-Denis, Seine-Saint-Denis",France,Italy,0,0,France,France win on penalties (3 - 4) ,Tie,3,4,France
3-Jul-98, 21:00 ,Quarter-finals,La Beaujoire,Nantes,France,Brazil,3,2,Denmark, ,Brazil,,,
4-Jul-98, 16:30 ,Quarter-finals,Stade Vélodrome,Marseille,France,Netherlands,2,1,Argentina, ,Netherlands,,,
4-Jul-98, 21:00 ,Quarter-finals,Stade de Gerland,Lyon,France,Germany,0,3,Croatia, ,Croatia,,,
7-Jul-98, 21:00 ,Semi-finals,Stade Vï¿½lodrome,Marseille,France,Brazil,1,1,Netherlands,Brazil win on penalties (4 - 2) ,Tie,4,2,Brazil
8-Jul-98, 21:00 ,Semi-finals,Stade de France,"Saint-Denis, Seine-Saint-Denis",France,France,2,1,Croatia, ,France,,,
11-Jul-98, 21:00 ,Match for third place,Parc des Princes,Paris,France,Netherlands,1,2,Croatia, ,Croatia,,,
12-Jul-98, 21:00 ,Final,Stade de France,"Saint-Denis, Seine-Saint-Denis",France,Brazil,0,3,France, ,France,,,
31-May-02, 20:30 ,Group A,Seoul World Cup Stadium,Seoul,Korea/Japan,France,0,1,Senegal, ,Senegal,,,
1-Jun-02, 18:00 ,Group A,Munsu Football Stadium,Ulsan,Korea/Japan,Uruguay,1,2,Denmark, ,Denmark,,,
1-Jun-02, 15:30 ,Group E,Niigata Stadium Big Swan,Niigata,Korea/Japan,Republic of Ireland,1,1,Cameroon, ,Tie,,,
1-Jun-02, 20:30 ,Group E,Sapporo Dome,Sapporo,Korea/Japan,Germany,8,0,Saudi Arabia, ,Germany,,,
2-Jun-02, 14:30 ,Group F,Kashima Stadium,Ibaraki Prefecture,Korea/Japan,Argentina,1,0,Nigeria, ,Argentina,,,
2-Jun-02, 16:30 ,Group B,Busan Asiad Main Stadium,Busan,Korea/Japan,Paraguay,2,2,South Africa, ,Tie,,,
2-Jun-02, 18:30 ,Group F,Saitama Stadium 2002,Saitama,Korea/Japan,England,1,1,Sweden, ,Tie,,,
2-Jun-02, 20:30 ,Group B,Gwangju World Cup Stadium,Gwangju,Korea/Japan,Spain,3,1,Slovenia, ,Spain,,,
3-Jun-02, 18:00 ,Group C,Munsu Football Stadium,Ulsan,Korea/Japan,Brazil,2,1,Turkey, ,Brazil,,,
3-Jun-02, 20:30 ,Group G,Sapporo Dome,Sapporo,Korea/Japan,Italy,2,0,Ecuador, ,Italy,,,
3-Jun-02, 15:30 ,Group G,Niigata Stadium Big Swan,Niigata,Korea/Japan,Croatia,0,1,Mexico, ,Mexico,,,
4-Jun-02, 15:30 ,Group C,Gwangju World Cup Stadium,Gwangju,Korea/Japan,China PR,0,2,Costa Rica, ,Costa Rica,,,
4-Jun-02, 18:00 ,Group H,Saitama Stadium 2002,Saitama,Korea/Japan,Japan,2,2,Belgium, ,Tie,,,
4-Jun-02, 20:30 ,Group D,Busan Asiad Main Stadium,Busan,Korea/Japan,Korea Republic,2,0,Poland, ,Korea Republic,,,
5-Jun-02, 15:30 ,Group H,Kobe Wing Stadium,Kobe,Korea/Japan,Russia,2,0,Tunisia, ,Russia,,,
5-Jun-02, 18:00 ,Group D,Suwon World Cup Stadium,Suwon,Korea/Japan,USA,3,2,Portugal, ,USA,,,
5-Jun-02, 20:30 ,Group E,Kashima Stadium,Ibaraki Prefecture,Korea/Japan,Germany,1,1,Republic of Ireland, ,Tie,,,
6-Jun-02, 15:30 ,Group A,Daegu World Cup Stadium,Daegu,Korea/Japan,Denmark,1,1,Senegal, ,Tie,,,
6-Jun-02, 18:00 ,Group E,Saitama Stadium 2002,Saitama,Korea/Japan,Cameroon,1,0,Saudi Arabia, ,Cameroon,,,
6-Jun-02, 20:30 ,Group A,Busan Asiad Main Stadium,Busan,Korea/Japan,France,0,0,Uruguay, ,Tie,,,
7-Jun-02, 15:30 ,Group F,Kobe Wing Stadium,Kobe,Korea/Japan,Sweden,2,1,Nigeria, ,Sweden,,,
7-Jun-02, 20:30 ,Group F,Sapporo Dome,Sapporo,Korea/Japan,Argentina,0,1,England, ,England,,,
7-Jun-02, 18:00 ,Group B,Jeonju World Cup Stadium,Jeonju,Korea/Japan,Spain,3,1,Paraguay, ,Spain,,,
8-Jun-02, 15:30 ,Group B,Daegu World Cup Stadium,Daegu,Korea/Japan,South Africa,1,0,Slovenia, ,South Africa,,,
8-Jun-02, 20:30 ,Group C,Jeju World Cup Stadium,Jeju Province,Korea/Japan,Brazil,4,0,China PR, ,Brazil,,,
8-Jun-02, 18:00 ,Group G,Kashima Stadium,Ibaraki Prefecture,Korea/Japan,Italy,1,2,Croatia, ,Croatia,,,
9-Jun-02, 18:00 ,Group C,Incheon Football Stadium,Incheon,Korea/Japan,Costa Rica,1,1,Turkey, ,Tie,,,
9-Jun-02, 20:30 ,Group H,International Stadium Yokohama,Yokohama,Korea/Japan,Japan,1,0,Russia, ,Japan,,,
9-Jun-02, 15:30 ,Group G,Miyagi Stadium,Rifu,Korea/Japan,Mexico,2,1,Ecuador, ,Mexico,,,
10-Jun-02, 15:30 ,Group D,Daegu World Cup Stadium,Daegu,Korea/Japan,Korea Republic,1,1,USA, ,Tie,,,
10-Jun-02, 20:30 ,Group D,Jeonju World Cup Stadium,Jeonju,Korea/Japan,Portugal,4,0,Poland, ,Portugal,,,
10-Jun-02, 18:00 ,Group H,Oita Stadium Big Eye,?ita,Korea/Japan,Tunisia,1,1,Belgium, ,Tie,,,
11-Jun-02, 15:30 ,Group A,Incheon Football Stadium,Incheon,Korea/Japan,Denmark,2,0,France, ,Denmark,,,
11-Jun-02, 15:30 ,Group A,Suwon World Cup Stadium,Suwon,Korea/Japan,Senegal,3,3,Uruguay, ,Tie,,,
11-Jun-02, 20:30 ,Group E,International Stadium Yokohama,Yokohama,Korea/Japan,Saudi Arabia,0,3,Republic of Ireland, ,Republic of Ireland,,,
11-Jun-02, 20:30 ,Group E,Shizuoka Stadium Ecopa,Shizuoka ,Korea/Japan,Cameroon,0,2,Germany, ,Germany,,,
12-Jun-02, 15:30 ,Group F,Miyagi Stadium,Rifu,Korea/Japan,Sweden,1,1,Argentina, ,Tie,,,
12-Jun-02, 15:30 ,Group F,Osaka Nagai Stadium,Osaka,Korea/Japan,Nigeria,0,0,England, ,Tie,,,
12-Jun-02, 20:30 ,Group B,Jeju World Cup Stadium,Jeju Province,Korea/Japan,Slovenia,1,3,Paraguay, ,Paraguay,,,
12-Jun-02, 20:30 ,Group B,Daejeon World Cup Stadium,Daejeon,Korea/Japan,South Africa,2,3,Spain, ,Spain,,,
13-Jun-02, 15:30 ,Group C,Suwon World Cup Stadium,Suwon,Korea/Japan,Costa Rica,2,5,Brazil, ,Brazil,,,
13-Jun-02, 15:30 ,Group C,Seoul World Cup Stadium,Seoul,Korea/Japan,Turkey,3,0,China PR, ,Turkey,,,
13-Jun-02, 20:30 ,Group G,International Stadium Yokohama,Yokohama,Korea/Japan,Ecuador,1,0,Croatia, ,Ecuador,,,
13-Jun-02, 20:30 ,Group G,Oita Stadium Big Eye,?ita,Korea/Japan,Mexico,1,1,Italy, ,Tie,,,
14-Jun-02, 15:30 ,Group H,Osaka Nagai Stadium,Osaka,Korea/Japan,Tunisia,0,2,Japan, ,Japan,,,
14-Jun-02, 20:30 ,Group D,Incheon Football Stadium,Incheon,Korea/Japan,Portugal,0,1,Korea Republic, ,Korea Republic,,,
14-Jun-02, 20:30 ,Group D,Daejeon World Cup Stadium,Daejeon,Korea/Japan,Poland,3,1,USA, ,Poland,,,
14-Jun-02, 15:30 ,Group H,Shizuoka Stadium Ecopa,Shizuoka ,Korea/Japan,Belgium,3,2,Russia, ,Belgium,,,
15-Jun-02, 20:30 ,Round of 16,Niigata Stadium Big Swan,Niigata,Korea/Japan,Denmark,0,3,England, ,England,,,
15-Jun-02, 15:30 ,Round of 16,Jeju World Cup Stadium,Jeju Province,Korea/Japan,Germany,1,0,Paraguay, ,Germany,,,
16-Jun-02, 20:30 ,Round of 16,Suwon World Cup Stadium,Suwon,Korea/Japan,Spain,1,1,Republic of Ireland,Spain win on penalties (3 - 2) ,Tie,3,2,Spain
16-Jun-02, 15:30 ,Round of 16,Oita Stadium Big Eye,?ita,Korea/Japan,Sweden,1,2,Senegal,Win on Golden Goal ,Senegal,,,
17-Jun-02, 20:30 ,Round of 16,Kobe Wing Stadium,Kobe,Korea/Japan,Brazil,2,0,Belgium, ,Brazil,,,
17-Jun-02, 15:30 ,Round of 16,Jeonju World Cup Stadium,Jeonju,Korea/Japan,Mexico,0,2,USA, ,USA,,,
18-Jun-02, 15:30 ,Round of 16,Miyagi Stadium,Rifu,Korea/Japan,Japan,0,1,Turkey, ,Turkey,,,
18-Jun-02, 20:30 ,Round of 16,Daejeon World Cup Stadium,Daejeon,Korea/Japan,Korea Republic,2,1,Italy,Win on Golden Goal ,Korea Republic,,,
21-Jun-02, 15:30 ,Quarter-finals,Shizuoka Stadium Ecopa,Shizuoka ,Korea/Japan,England,1,2,Brazil, ,Brazil,,,
21-Jun-02, 20:30 ,Quarter-finals,Munsu Football Stadium,Ulsan,Korea/Japan,Germany,1,0,USA, ,Germany,,,
22-Jun-02, 20:30 ,Quarter-finals,Osaka Nagai Stadium,Osaka,Korea/Japan,Senegal,0,1,Turkey,Win on Golden Goal ,Turkey,,,
22-Jun-02, 15:30 ,Quarter-finals,Gwangju World Cup Stadium,Gwangju,Korea/Japan,Spain,0,0,Korea Republic,Korea Republic win on penalties (3 - 5) ,Tie,3,5,Korea Republic
25-Jun-02, 20:30 ,Semi-finals,Seoul World Cup Stadium,Seoul,Korea/Japan,Germany,1,0,Korea Republic, ,Germany,,,
26-Jun-02, 20:30 ,Semi-finals,Saitama Stadium 2002,Saitama,Korea/Japan,Brazil,1,0,Turkey, ,Brazil,,,
29-Jun-02, 20:00 ,Third place,Daegu World Cup Stadium,Daegu,Korea/Japan,Korea Republic,2,3,Turkey, ,Turkey,,,
30-Jun-02, 20:00 ,Final,International Stadium Yokohama,Yokohama,Korea/Japan,Germany,0,2,Brazil, ,Brazil,,,
9-Jun-06, 18:00 ,Group A,"FIFA World Cup Stadium, Munich",Munich,Germany,Germany,4,2,Costa Rica, ,Germany,,,
9-Jun-06, 21:00 ,Group A,"FIFA World Cup Stadium, Gelsenkirchen",Gelsenkirchen,Germany,Poland,0,2,Ecuador, ,Ecuador,,,
10-Jun-06, 15:00 ,Group B,"FIFA World Cup Stadium, Frankfurt",Frankfurt,Germany,England,1,0,Paraguay, ,England,,,
10-Jun-06, 18:00 ,Group B,"FIFA World Cup Stadium, Dortmund",Dortmund,Germany,Trinidad and Tobago,0,0,Sweden, ,Tie,,,
10-Jun-06, 21:00 ,Group C,"FIFA World Cup Stadium, Hamburg",Hamburg,Germany,Argentina,2,1,Côte d'Ivoire, ,Argentina,,,
11-Jun-06, 15:00 ,Group C,Zentralstadion,Leipzig,Germany,Serbia and Montenegro,0,1,Netherlands, ,Netherlands,,,
11-Jun-06, 18:00 ,Group D,Franken-Stadion,Nuremberg,Germany,Mexico,3,1,Iran, ,Mexico,,,
11-Jun-06, 21:00 ,Group D,"FIFA World Cup Stadium, Cologne",Cologne,Germany,Angola,0,1,Portugal, ,Portugal,,,
12-Jun-06, 15:00 ,Group F,Fritz-Walter-Stadion,Kaiserslautern,Germany,Australia,3,1,Japan, ,Australia,,,
12-Jun-06, 18:00 ,Group E,"FIFA World Cup Stadium, Gelsenkirchen",Gelsenkirchen,Germany,USA,0,3,Czech Republic, ,Czech Republic,,,
12-Jun-06, 21:00 ,Group E,"FIFA World Cup Stadium, Hanover",Hanover,Germany,Italy,2,0,Ghana, ,Italy,,,
13-Jun-06, 15:00 ,Group G,"FIFA World Cup Stadium, Frankfurt",Frankfurt,Germany,Korea Republic,2,1,Togo, ,Korea Republic,,,
13-Jun-06, 18:00 ,Group G,Gottlieb-Daimler-Stadion,Stuttgart,Germany,France,0,0,Switzerland, ,Tie,,,
13-Jun-06, 21:00 ,Group F,Olympiastadion,Berlin,Germany,Brazil,1,0,Croatia, ,Brazil,,,
14-Jun-06, 15:00 ,Group H,Zentralstadion,Leipzig,Germany,Spain,4,0,Ukraine, ,Spain,,,
14-Jun-06, 18:00 ,Group H,"FIFA World Cup Stadium, Munich",Munich,Germany,Tunisia,2,2,Saudi Arabia, ,Tie,,,
14-Jun-06, 21:00 ,Group A,"FIFA World Cup Stadium, Dortmund",Dortmund,Germany,Germany,1,0,Poland, ,Germany,,,
15-Jun-06, 15:00 ,Group A,"FIFA World Cup Stadium, Hamburg",Hamburg,Germany,Ecuador,3,0,Costa Rica, ,Ecuador,,,
15-Jun-06, 18:00 ,Group B,Franken-Stadion,Nuremberg,Germany,England,2,0,Trinidad and Tobago, ,England,,,
15-Jun-06, 21:00 ,Group B,Olympiastadion,Berlin,Germany,Sweden,1,0,Paraguay, ,Sweden,,,
16-Jun-06, 15:00 ,Group C,"FIFA World Cup Stadium, Gelsenkirchen",Gelsenkirchen,Germany,Argentina,6,0,Serbia and Montenegro, ,Argentina,,,
16-Jun-06, 18:00 ,Group C,Gottlieb-Daimler-Stadion,Stuttgart,Germany,Netherlands,2,1,Côte d'Ivoire, ,Netherlands,,,
16-Jun-06, 21:00 ,Group D,"FIFA World Cup Stadium, Hanover",Hanover,Germany,Mexico,0,0,Angola, ,Tie,,,
17-Jun-06, 15:00 ,Group D,"FIFA World Cup Stadium, Frankfurt",Frankfurt,Germany,Portugal,2,0,IR Iran, ,Portugal,,,
17-Jun-06, 18:00 ,Group E,"FIFA World Cup Stadium, Cologne",Cologne,Germany,Czech Republic,0,2,Ghana, ,Ghana,,,
17-Jun-06, 21:00 ,Group E,Fritz-Walter-Stadion,Kaiserslautern,Germany,Italy,1,1,USA, ,Tie,,,
18-Jun-06, 15:00 ,Group F,Franken-Stadion,Nuremberg,Germany,Japan,0,0,Croatia, ,Tie,,,
18-Jun-06, 18:00 ,Group F,"FIFA World Cup Stadium, Munich",Munich,Germany,Brazil,2,0,Australia, ,Brazil,,,
18-Jun-06, 21:00 ,Group G,Zentralstadion,Leipzig,Germany,France,1,1,Korea Republic, ,Tie,,,
19-Jun-06, 15:00 ,Group G,"FIFA World Cup Stadium, Dortmund",Dortmund,Germany,Togo,0,2,Switzerland, ,Switzerland,,,
19-Jun-06, 18:00 ,Group H,"FIFA World Cup Stadium, Hamburg",Hamburg,Germany,Saudi Arabia,0,4,Ukraine, ,Ukraine,,,
19-Jun-06, 21:00 ,Group H,Gottlieb-Daimler-Stadion,Stuttgart,Germany,Spain,3,1,Tunisia, ,Spain,,,
20-Jun-06, 16:00 ,Group A,Olympiastadion,Berlin,Germany,Ecuador,0,3,Germany, ,Germany,,,
20-Jun-06, 16:00 ,Group A,"FIFA World Cup Stadium, Hanover",Hanover,Germany,Costa Rica,1,2,Poland, ,Poland,,,
20-Jun-06, 21:00 ,Group B,"FIFA World Cup Stadium, Cologne",Cologne,Germany,Sweden,2,2,England, ,Tie,,,
20-Jun-06, 21:00 ,Group B,Fritz-Walter-Stadion,Kaiserslautern,Germany,Paraguay,2,0,Trinidad and Tobago, ,Paraguay,,,
21-Jun-06, 16:00 ,Group D,Zentralstadion,Leipzig,Germany,Iran,1,1,Angola, ,Tie,,,
21-Jun-06, 16:00 ,Group D,"FIFA World Cup Stadium, Gelsenkirchen",Gelsenkirchen,Germany,Portugal,2,1,Mexico, ,Portugal,,,
21-Jun-06, 21:00 ,Group C,"FIFA World Cup Stadium, Frankfurt",Frankfurt,Germany,Netherlands,0,0,Argentina, ,Tie,,,
21-Jun-06, 21:00 ,Group C,"FIFA World Cup Stadium, Munich",Munich,Germany,Côte d'Ivoire,3,2,Serbia and Montenegro, ,Côte d'Ivoire,,,
22-Jun-06, 16:00 ,Group E,"FIFA World Cup Stadium, Hamburg",Hamburg,Germany,Czech Republic,0,2,Italy, ,Italy,,,
22-Jun-06, 16:00 ,Group E,Franken-Stadion,Nuremberg,Germany,Ghana,2,1,USA, ,Ghana,,,
22-Jun-06, 21:00 ,Group F,"FIFA World Cup Stadium, Dortmund",Dortmund,Germany,Japan,1,4,Brazil, ,Brazil,,,
22-Jun-06, 21:00 ,Group F,Gottlieb-Daimler-Stadion,Stuttgart,Germany,Croatia,2,2,Australia, ,Tie,,,
23-Jun-06, 16:00 ,Group H,Olympiastadion,Berlin,Germany,Ukraine,1,0,Tunisia, ,Ukraine,,,
23-Jun-06, 16:00 ,Group H,Fritz-Walter-Stadion,Kaiserslautern,Germany,Saudi Arabia,0,1,Spain, ,Spain,,,
23-Jun-06, 21:00 ,Group G,"FIFA World Cup Stadium, Cologne",Cologne,Germany,Togo,0,2,France, ,France,,,
23-Jun-06, 21:00 ,Group G,"FIFA World Cup Stadium, Hanover",Hanover,Germany,Switzerland,2,0,Korea Republic, ,Switzerland,,,
24-Jun-06, 17:00 ,Round of 16,"FIFA World Cup Stadium, Munich",Munich,Germany,Germany,2,0,Sweden, ,Germany,,,
24-Jun-06, 21:00 ,Round of 16,Zentralstadion,Leipzig,Germany,Argentina,2,1,Mexico,Argentina win after extra time ,Argentina,,,
25-Jun-06, 17:00 ,Round of 16,Gottlieb-Daimler-Stadion,Stuttgart,Germany,England,1,0,Ecuador, ,England,,,
25-Jun-06, 21:00 ,Round of 16,Franken-Stadion,Nuremberg,Germany,Portugal,1,0,Netherlands, ,Portugal,,,
26-Jun-06, 17:00 ,Round of 16,Fritz-Walter-Stadion,Kaiserslautern,Germany,Italy,1,0,Australia, ,Italy,,,
26-Jun-06, 21:00 ,Round of 16,"FIFA World Cup Stadium, Cologne",Cologne,Germany,Switzerland,0,0,Ukraine,Ukraine win on penalties (0 - 3) ,Tie,0,3,Ukraine
27-Jun-06, 17:00 ,Round of 16,"FIFA World Cup Stadium, Dortmund",Dortmund,Germany,Brazil,3,0,Ghana, ,Brazil,,,
27-Jun-06, 21:00 ,Round of 16,"FIFA World Cup Stadium, Hanover",Hanover,Germany,Spain,1,3,France, ,France,,,
30-Jun-06, 17:00 ,Quarter-finals,Olympiastadion,Berlin,Germany,Germany,1,1,Argentina,Germany win on penalties (4 - 2) ,Tie,4,2,Germany
30-Jun-06, 21:00 ,Quarter-finals,"FIFA World Cup Stadium, Hamburg",Hamburg,Germany,Italy,3,0,Ukraine, ,Italy,,,
1-Jul-06, 17:00 ,Quarter-finals,"FIFA World Cup Stadium, Gelsenkirchen",Gelsenkirchen,Germany,England,0,0,Portugal,Portugal win on penalties (1 - 3) ,Tie,1,3,Portugal
1-Jul-06, 21:00 ,Quarter-finals,"FIFA World Cup Stadium, Frankfurt",Frankfurt,Germany,Brazil,0,1,France, ,France,,,
4-Jul-06, 21:00 ,Semi-finals,"FIFA World Cup Stadium, Dortmund",Dortmund,Germany,Germany,0,2,Italy,Italy win after extra time ,Italy,,,
5-Jul-06, 21:00 ,Semi-finals,"FIFA World Cup Stadium, Munich",Munich,Germany,Portugal,0,1,France, ,France,,,
8-Jul-06, 21:00 ,Third place,Gottlieb-Daimler-Stadion,Stuttgart,Germany,Germany,3,1,Portugal, ,Germany,,,
9-Jul-06, 20:00 ,Final,Olympiastadion,Berlin,Germany,Italy,1,1,France,Italy win on penalties (5 - 3) ,Tie,5,3,Italy
11-Jun-10, 16:00 ,Group A,Soccer City Stadium,Johannesburg,South Africa,South Africa,1,1,Mexico, ,Tie,,,
11-Jun-10, 20:30 ,Group A,Cape Town Stadium,Cape Town,South Africa,Uruguay,0,0,France, ,Tie,,,
12-Jun-10, 13:30 ,Group B,Port Elizabeth Stadium,Nelson Mandela Bay Metropolitan Municipality,South Africa,Korea Republic,2,0,Greece, ,Korea Republic,,,
12-Jun-10, 16:00 ,Group B,Ellis Park Stadium,Johannesburg,South Africa,Argentina,1,0,Nigeria, ,Argentina,,,
12-Jun-10, 20:30 ,Group C,Royal Bafokeng Sports Palace,Phokeng,South Africa,England,1,1,USA, ,Tie,,,
13-Jun-10, 13:30 ,Group C,Peter Mokaba Stadium,Polokwane,South Africa,Algeria,0,1,Slovenia, ,Slovenia,,,
13-Jun-10, 16:00 ,Group D,Loftus Versfeld Stadium,City of Tshwane Metropolitan Municipality,South Africa,Serbia,0,1,Ghana, ,Ghana,,,
13-Jun-10, 20:30 ,Group D,Durban Stadium,Durban,South Africa,Germany,4,0,Australia, ,Germany,,,
14-Jun-10, 13:30 ,Group E,Soccer City Stadium,Johannesburg,South Africa,Netherlands,2,0,Denmark, ,Netherlands,,,
14-Jun-10, 16:00 ,Group E,Free State Stadium,Bloemfontein,South Africa,Japan,1,0,Cameroon, ,Japan,,,
14-Jun-10, 20:30 ,Group F,Cape Town Stadium,Cape Town,South Africa,Italy,1,1,Paraguay, ,Tie,,,
15-Jun-10, 13:30 ,Group F,Royal Bafokeng Sports Palace,Phokeng,South Africa,New Zealand,1,1,Slovakia, ,Tie,,,
15-Jun-10, 16:00 ,Group G,Port Elizabeth Stadium,Nelson Mandela Bay Metropolitan Municipality,South Africa,Côte d'Ivoire,0,0,Portugal, ,Tie,,,
15-Jun-10, 20:30 ,Group G,Ellis Park Stadium,Johannesburg,South Africa,Brazil,2,1,Korea DPR, ,Brazil,,,
16-Jun-10, 13:30 ,Group H,Mbombela Stadium,Mbombela,South Africa,Honduras,0,1,Chile, ,Chile,,,
16-Jun-10, 16:00 ,Group H,Durban Stadium,Durban,South Africa,Spain,0,1,Switzerland, ,Switzerland,,,
16-Jun-10, 20:30 ,Group A,Loftus Versfeld Stadium,City of Tshwane Metropolitan Municipality,South Africa,South Africa,0,3,Uruguay, ,Uruguay,,,
17-Jun-10, 13:30 ,Group B,Soccer City Stadium,Johannesburg,South Africa,Argentina,4,1,Korea Republic, ,Argentina,,,
17-Jun-10, 16:00 ,Group B,Free State Stadium,Bloemfontein,South Africa,Greece,2,1,Nigeria, ,Greece,,,
17-Jun-10, 20:30 ,Group A,Peter Mokaba Stadium,Polokwane,South Africa,France,0,2,Mexico, ,Mexico,,,
18-Jun-10, 13:30 ,Group D,Port Elizabeth Stadium,Nelson Mandela Bay Metropolitan Municipality,South Africa,Germany,0,1,Serbia, ,Serbia,,,
18-Jun-10, 16:00 ,Group C,Ellis Park Stadium,Johannesburg,South Africa,Slovenia,2,2,USA, ,Tie,,,
18-Jun-10, 20:30 ,Group C,Cape Town Stadium,Cape Town,South Africa,England,0,0,Algeria, ,Tie,,,
19-Jun-10, 13:30 ,Group E,Durban Stadium,Durban,South Africa,Netherlands,1,0,Japan, ,Netherlands,,,
19-Jun-10, 16:00 ,Group D,Royal Bafokeng Sports Palace,Phokeng,South Africa,Ghana,1,1,Australia, ,Tie,,,
19-Jun-10, 20:30 ,Group E,Loftus Versfeld Stadium,City of Tshwane Metropolitan Municipality,South Africa,Cameroon,1,2,Denmark, ,Denmark,,,
20-Jun-10, 13:30 ,Group F,Free State Stadium,Bloemfontein,South Africa,Slovakia,0,2,Paraguay, ,Paraguay,,,
20-Jun-10, 16:00 ,Group F,Mbombela Stadium,Mbombela,South Africa,Italy,1,1,New Zealand, ,Tie,,,
20-Jun-10, 20:30 ,Group G,Soccer City Stadium,Johannesburg,South Africa,Brazil,3,1,Côte d'Ivoire, ,Brazil,,,
21-Jun-10, 13:30 ,Group G,Cape Town Stadium,Cape Town,South Africa,Portugal,7,0,Korea DPR, ,Portugal,,,
21-Jun-10, 16:00 ,Group H,Port Elizabeth Stadium,Nelson Mandela Bay Metropolitan Municipality,South Africa,Chile,1,0,Switzerland, ,Chile,,,
21-Jun-10, 20:30 ,Group H,Ellis Park Stadium,Johannesburg,South Africa,Spain,2,0,Honduras, ,Spain,,,
22-Jun-10, 16:00 ,Group A,Royal Bafokeng Sports Palace,Phokeng,South Africa,Mexico,0,1,Uruguay, ,Uruguay,,,
22-Jun-10, 16:00 ,Group A,Free State Stadium,Bloemfontein,South Africa,France,1,2,South Africa, ,South Africa,,,
22-Jun-10, 20:30 ,Group B,Durban Stadium,Durban,South Africa,Nigeria,2,2,Korea Republic, ,Tie,,,
22-Jun-10, 20:30 ,Group B,Peter Mokaba Stadium,Polokwane,South Africa,Greece,0,2,Argentina, ,Argentina,,,
23-Jun-10, 16:00 ,Group C,Port Elizabeth Stadium,Nelson Mandela Bay Metropolitan Municipality,South Africa,Slovenia,0,1,England, ,England,,,
23-Jun-10, 16:00 ,Group C,Loftus Versfeld Stadium,City of Tshwane Metropolitan Municipality,South Africa,USA,1,0,Algeria, ,USA,,,
23-Jun-10, 20:30 ,Group D,Soccer City Stadium,Johannesburg,South Africa,Ghana,0,1,Germany, ,Germany,,,
23-Jun-10, 20:30 ,Group D,Mbombela Stadium,Mbombela,South Africa,Australia,2,1,Serbia, ,Australia,,,
24-Jun-10, 16:00 ,Group F,Ellis Park Stadium,Johannesburg,South Africa,Slovakia,3,2,Italy, ,Slovakia,,,
24-Jun-10, 16:00 ,Group F,Peter Mokaba Stadium,Polokwane,South Africa,Paraguay,0,0,New Zealand, ,Tie,,,
24-Jun-10, 20:30 ,Group E,Royal Bafokeng Sports Palace,Phokeng,South Africa,Denmark,1,3,Japan, ,Japan,,,
24-Jun-10, 20:30 ,Group E,Cape Town Stadium,Cape Town,South Africa,Cameroon,1,2,Netherlands, ,Netherlands,,,
25-Jun-10, 16:00 ,Group G,Durban Stadium,Durban,South Africa,Portugal,0,0,Brazil, ,Tie,,,
25-Jun-10, 16:00 ,Group G,Mbombela Stadium,Mbombela,South Africa,Korea DPR,0,3,Côte d'Ivoire, ,Côte d'Ivoire,,,
25-Jun-10, 20:30 ,Group H,Loftus Versfeld Stadium,City of Tshwane Metropolitan Municipality,South Africa,Chile,1,2,Spain, ,Spain,,,
25-Jun-10, 20:30 ,Group H,Free State Stadium,Bloemfontein,South Africa,Switzerland,0,0,Honduras, ,Tie,,,
26-Jun-10, 16:00 ,Round of 16,Port Elizabeth Stadium,Nelson Mandela Bay Metropolitan Municipality,South Africa,Uruguay,2,1,Korea Republic, ,Uruguay,,,
26-Jun-10, 20:30 ,Round of 16,Royal Bafokeng Sports Palace,Phokeng,South Africa,USA,1,2,Ghana,Ghana win after extra time ,Ghana,,,
27-Jun-10, 16:00 ,Round of 16,Free State Stadium,Bloemfontein,South Africa,Germany,4,1,England, ,Germany,,,
27-Jun-10, 20:30 ,Round of 16,Soccer City Stadium,Johannesburg,South Africa,Argentina,3,1,Mexico, ,Argentina,,,
28-Jun-10, 16:00 ,Round of 16,Durban Stadium,Durban,South Africa,Netherlands,2,1,Slovakia, ,Netherlands,,,
28-Jun-10, 20:30 ,Round of 16,Ellis Park Stadium,Johannesburg,South Africa,Brazil,3,0,Chile, ,Brazil,,,
29-Jun-10, 16:00 ,Round of 16,Loftus Versfeld Stadium,City of Tshwane Metropolitan Municipality,South Africa,Paraguay,0,0,Japan,Paraguay win on penalties (5 - 3) ,Tie,5,3,Paraguay
29-Jun-10, 20:30 ,Round of 16,Cape Town Stadium,Cape Town,South Africa,Spain,1,0,Portugal, ,Spain,,,
2-Jul-10, 16:00 ,Quarter-finals,Port Elizabeth Stadium,Nelson Mandela Bay Metropolitan Municipality,South Africa,Netherlands,2,1,Brazil, ,Netherlands,,,
2-Jul-10, 20:30 ,Quarter-finals,Soccer City Stadium,Johannesburg,South Africa,Uruguay,1,1,Ghana,Uruguay win on penalties (4 - 2) ,Tie,4,2,Uruguay
3-Jul-10, 16:00 ,Quarter-finals,Cape Town Stadium,Cape Town,South Africa,Argentina,0,4,Germany, ,Germany,,,
3-Jul-10, 20:30 ,Quarter-finals,Ellis Park Stadium,Johannesburg,South Africa,Paraguay,0,1,Spain, ,Spain,,,
6-Jul-10, 20:30 ,Semi-finals,Cape Town Stadium,Cape Town,South Africa,Uruguay,2,3,Netherlands, ,Netherlands,,,
7-Jul-10, 20:30 ,Semi-finals,Durban Stadium,Durban,South Africa,Germany,0,1,Spain, ,Spain,,,
10-Jul-10, 20:30 ,Match for third place,Port Elizabeth Stadium,Nelson Mandela Bay Metropolitan Municipality,South Africa,Uruguay,2,3,Germany, ,Germany,,,
11-Jul-10, 20:30 ,Final,Soccer City Stadium,Johannesburg,South Africa,Netherlands,0,1,Spain,Spain win after extra time ,Spain,,,
12-Jun-14, 17:00 ,Group A,Arena de Sao Paulo,São Paulo,Brazil,Brazil,3,1,Croatia, ,Brazil,,,
13-Jun-14, 13:00 ,Group A,Estadio das Dunas,"Natal, Rio Grande do Norte",Brazil,Mexico,1,0,Cameroon, ,Mexico,,,
13-Jun-14, 16:00 ,Group B,Arena Fonte Nova,"Salvador, Bahia",Brazil,Spain,1,5,Netherlands, ,Netherlands,,,
13-Jun-14, 18:00 ,Group B,Arena Pantanal,Cuiabá,Brazil,Chile,3,1,Australia, ,Chile,,,
14-Jun-14, 13:00 ,Group C,Estadio Mineirao,Belo Horizonte,Brazil,Colombia,3,0,Greece, ,Colombia,,,
14-Jun-14, 22:00 ,Group C,Arena Pernambuco,Recife,Brazil,Côte d'Ivoire,2,1,Japan, ,Côte d'Ivoire,,,
14-Jun-14, 16:00 ,Group D,Estadio Castelao,Fortaleza,Brazil,Uruguay,1,3,Costa Rica, ,Costa Rica,,,
14-Jun-14, 18:00 ,Group D,Arena Amazonia,Manaus,Brazil,England,1,2,Italy, ,Italy,,,
15-Jun-14, 13:00 ,Group E,Estadio Nacional,Brasília,Brazil,Switzerland,2,1,Ecuador, ,Switzerland,,,
15-Jun-14, 16:00 ,Group E,Estadio Beira-Rio,Porto Alegre,Brazil,France,3,0,Honduras, ,France,,,
15-Jun-14, 19:00 ,Group F,Estadio do Maracana,Rio de Janeiro,Brazil,Argentina,2,1,Bosnia and Herzegovina, ,Argentina,,,
16-Jun-14, 16:00 ,Group F,Arena da Baixada,Curitiba,Brazil,IR Iran,0,0,Nigeria, ,Tie,,,
16-Jun-14, 13:00 ,Group G,Arena Fonte Nova,"Salvador, Bahia",Brazil,Germany,4,0,Portugal, ,Germany,,,
16-Jun-14, 19:00 ,Group G,Estadio das Dunas,"Natal, Rio Grande do Norte",Brazil,Ghana,1,2,USA, ,USA,,,
17-Jun-14, 16:00 ,Group A,Estadio Castelao,Fortaleza,Brazil,Brazil,0,0,Mexico, ,Tie,,,
17-Jun-14, 13:00 ,Group H,Estadio Mineirao,Belo Horizonte,Brazil,Belgium,2,1,Algeria, ,Belgium,,,
17-Jun-14, 18:00 ,Group H,Arena Pantanal,Cuiabá,Brazil,Russia,1,1,Korea Republic, ,Tie,,,
18-Jun-14, 18:00 ,Group A,Arena Amazonia,Manaus,Brazil,Cameroon,0,4,Croatia, ,Croatia,,,
18-Jun-14, 13:00 ,Group B,Estadio Beira-Rio,Porto Alegre,Brazil,Australia,2,3,Netherlands, ,Netherlands,,,
18-Jun-14, 16:00 ,Group B,Estadio do Maracana,Rio de Janeiro,Brazil,Spain,0,2,Chile, ,Chile,,,
19-Jun-14, 13:00 ,Group C,Estadio Nacional,Brasília,Brazil,Colombia,2,1,Ivory Cost, ,Colombia,,,
19-Jun-14, 19:00 ,Group C,Estadio das Dunas,"Natal, Rio Grande do Norte",Brazil,Japan,0,0,Greece, ,Tie,,,
19-Jun-14, 16:00 ,Group D,Arena de Sao Paulo,São Paulo,Brazil,Uruguay,2,1,England, ,Uruguay,,,
20-Jun-14, 13:00 ,Group D,Arena Pernambuco,Recife,Brazil,Italy,0,1,Costa Rica, ,Costa Rica,,,
20-Jun-14, 16:00 ,Group E,Arena Fonte Nova,"Salvador, Bahia",Brazil,Switzerland,2,5,France, ,France,,,
20-Jun-14, 19:00 ,Group E,Arena da Baixada,Curitiba,Brazil,Honduras,1,2,Ecuador, ,Ecuador,,,
21-Jun-14, 13:00 ,Group F,Estadio Mineirao,Belo Horizonte,Brazil,Argentina,1,0,IR Iran, ,Argentina,,,
21-Jun-14, 18:00 ,Group F,Arena Pantanal,Cuiabá,Brazil,Nigeria,1,0,Bosnia and Herzegovina, ,Nigeria,,,
21-Jun-14, 16:00 ,Group G,Estadio Castelao,Fortaleza,Brazil,Germany,2,2,Ghana, ,Tie,,,
22-Jun-14, 18:00 ,Group G,Arena Amazonia,Manaus,Brazil,USA,2,2,Portugal, ,Tie,,,
22-Jun-14, 13:00 ,Group H,Estadio do Maracana,Rio de Janeiro,Brazil,Belgium,1,0,Russia, ,Belgium,,,
22-Jun-14, 16:00 ,Group H,Estadio Beira-Rio,Porto Alegre,Brazil,Korea Republic,2,4,Algeria, ,Algeria,,,
23-Jun-14, 17:00 ,Group A,Estadio Nacional,Brasília,Brazil,Cameroon,1,4,Brazil, ,Brazil,,,
23-Jun-14, 17:00 ,Group A,Arena Pernambuco,Recife,Brazil,Croatia,1,3,Mexico, ,Mexico,,,
23-Jun-14, 13:00 ,Group B,Arena da Baixada,Curitiba,Brazil,Australia,0,3,Spain, ,Spain,,,
23-Jun-14, 13:00 ,Group B,Arena de Sao Paulo,São Paulo,Brazil,Netherlands,2,0,Chile, ,Netherlands,,,
24-Jun-14, 16:00 ,Group C,Arena Pantanal,Cuiabá,Brazil,Japan,1,4,Colombia, ,Colombia,,,
24-Jun-14, 17:00 ,Group C,Estadio Castelao,Fortaleza,Brazil,Greece,2,1,Ivory Cost, ,Greece,,,
24-Jun-14, 13:00 ,Group D,Estadio das Dunas,"Natal, Rio Grande do Norte",Brazil,Italy,0,1,Uruguay, ,Uruguay,,,
24-Jun-14, 13:00 ,Group D,Estadio Mineirao,Belo Horizonte,Brazil,Costa Rica,0,0,England, ,Tie,,,
25-Jun-14, 16:00 ,Group E,Arena Amazonia,Manaus,Brazil,Honduras,0,3,Switzerland, ,Switzerland,,,
25-Jun-14, 17:00 ,Group E,Estadio do Maracana,Rio de Janeiro,Brazil,Ecuador,0,0,France, ,Tie,,,
25-Jun-14, 13:00 ,Group F,Estadio Beira-Rio,Porto Alegre,Brazil,Nigeria,2,3,Argentina, ,Argentina,,,
25-Jun-14, 13:00 ,Group F,Arena Fonte Nova,"Salvador, Bahia",Brazil,Bosnia and Herzegovina,3,1,IR Iran, ,Bosnia and Herzegovina,,,
26-Jun-14, 13:00 ,Group G,Arena Pernambuco,Recife,Brazil,USA,0,1,Germany, ,Germany,,,
26-Jun-14, 13:00 ,Group G,Estadio Nacional,Brasília,Brazil,Portugal,2,1,Ghana, ,Portugal,,,
26-Jun-14, 17:00 ,Group H,Arena de Sao Paulo,São Paulo,Brazil,Korea Republic,0,1,Belgium, ,Belgium,,,
26-Jun-14, 17:00 ,Group H,Arena da Baixada,Curitiba,Brazil,Algeria,1,1,Russia, ,Tie,,,
28-Jun-14, 13:00 ,Round of 16,Estadio Mineirao,Belo Horizonte,Brazil,Brazil,1,1,Chile,Brazil win on penalties (3 - 2) ,Tie,3,2,Brazil
28-Jun-14, 17:00 ,Round of 16,Estadio do Maracana,Rio de Janeiro,Brazil,Colombia,2,0,Uruguay, ,Colombia,,,
29-Jun-14, 13:00 ,Round of 16,Estadio Castelao,Fortaleza,Brazil,Netherlands,2,1,Mexico, ,Netherlands,,,
29-Jun-14, 17:00 ,Round of 16,Arena Pernambuco,Recife,Brazil,Costa Rica,1,1,Greece,Costa Rica win on penalties (5 - 3) ,Tie,5,3,Costa Rica
30-Jun-14, 13:00 ,Round of 16,Estadio Nacional,Brasília,Brazil,France,2,0,Nigeria, ,France,,,
30-Jun-14, 17:00 ,Round of 16,Estadio Beira-Rio,Porto Alegre,Brazil,Germany,2,1,Algeria,Germany win after extra time ,Germany,,,
1-Jul-14, 13:00 ,Round of 16,Arena de Sao Paulo,São Paulo,Brazil,Argentina,1,0,Switzerland,Argentina win after extra time ,Argentina,,,
1-Jul-14, 17:00 ,Round of 16,Arena Fonte Nova,"Salvador, Bahia",Brazil,Belgium,2,1,USA,Belgium win after extra time ,Belgium,,,
4-Jul-14, 17:00 ,Quarter-finals,Estadio Castelao,Fortaleza,Brazil,Brazil,2,1,Colombia, ,Brazil,,,
4-Jul-14, 13:00 ,Quarter-finals,Estadio do Maracana,Rio de Janeiro,Brazil,France,0,1,Germany, ,Germany,,,
5-Jul-14, 17:00 ,Quarter-finals,Arena Fonte Nova,"Salvador, Bahia",Brazil,Netherlands,0,0,Costa Rica,Netherlands win on penalties (4 - 3) ,Tie,4,3,Netherlands
5-Jul-14, 13:00 ,Quarter-finals,Estadio Nacional,Brasília,Brazil,Argentina,1,0,Belgium, ,Argentina,,,
8-Jul-14, 17:00 ,Semi-finals,Estadio Mineirao,Belo Horizonte,Brazil,Brazil,1,7,Germany, ,Germany,,,
9-Jul-14, 17:00 ,Semi-finals,Arena de Sao Paulo,São Paulo,Brazil,Netherlands,0,0,Argentina,Argentina win on penalties (2 - 4) ,Tie,2,4,Argentina
12-Jul-14, 17:00 ,Play-off for third place,Estadio Nacional,Brasília,Brazil,Brazil,0,3,Netherlands, ,Netherlands,,,
13-Jul-14, 16:00 ,Final,Estadio do Maracana,Rio de Janeiro,Brazil,Germany,1,0,Argentina,Germany win after extra time ,Germany,,,
